cycle_id,condition,timestamp,temperature_C,humidity_pct,soil_moisture_pct,moisture_trend,light_lux,hour_of_day,hours_remaining,urgency_class
indoor_cycle01,indoor,2026-07-01 12:00:00,27.65,47.72,85.77,-2.8299999999999983,155.5,12,69.0,Not_Urgent
indoor_cycle01,indoor,2026-07-01 13:00:00,26.84,53.37,85.22,-2.1899999999999977,170.5,13,68.0,Not_Urgent
indoor_cycle01,indoor,2026-07-01 14:00:00,28.18,52.27,84.69,-1.8900000000000008,186.0,14,67.0,Not_Urgent
indoor_cycle01,indoor,2026-07-01 15:00:00,26.73,53.51,83.63,-2.140000000000001,155.3,15,66.0,Not_Urgent
indoor_cycle01,indoor,2026-07-01 16:00:00,26.39,53.02,82.17,-3.049999999999997,158.0,16,65.0,Not_Urgent
indoor_cycle01,indoor,2026-07-01 17:00:00,26.38,51.71,81.65,-3.039999999999992,176.8,17,64.0,Not_Urgent
indoor_cycle01,indoor,2026-07-01 18:00:00,26.13,50.1,80.74,-2.890000000000001,123.4,18,63.0,Not_Urgent
indoor_cycle01,indoor,2026-07-01 19:00:00,26.44,55.43,79.98,-2.1899999999999977,147.7,19,62.0,Not_Urgent
indoor_cycle01,indoor,2026-07-01 20:00:00,25.11,53.2,78.81,-2.8400000000000034,140.8,20,61.0,Not_Urgent
indoor_cycle01,indoor,2026-07-01 21:00:00,26.21,50.59,78.08,-2.6599999999999966,156.5,21,60.0,Not_Urgent
indoor_cycle01,indoor,2026-07-01 22:00:00,25.59,56.53,76.95,-3.030000000000001,170.6,22,59.0,Not_Urgent
indoor_cycle01,indoor,2026-07-01 23:00:00,25.5,54.23,75.81,-3.0,156.6,23,58.0,Not_Urgent
indoor_cycle01,indoor,2026-07-02 00:00:00,25.71,54.54,75.32,-2.760000000000005,127.9,0,57.0,Not_Urgent
indoor_cycle01,indoor,2026-07-02 01:00:00,26.49,58.39,74.16,-2.7900000000000063,148.6,1,56.0,Not_Urgent
indoor_cycle01,indoor,2026-07-02 02:00:00,26.22,53.39,72.85,-2.960000000000008,157.2,2,55.0,Not_Urgent
indoor_cycle01,indoor,2026-07-02 03:00:00,25.98,58.91,71.76,-3.559999999999988,97.6,3,54.0,Not_Urgent
indoor_cycle01,indoor,2026-07-02 04:00:00,26.05,54.25,71.5,-2.6599999999999966,151.8,4,53.0,Not_Urgent
indoor_cycle01,indoor,2026-07-02 05:00:00,25.87,55.89,70.81,-2.039999999999992,179.6,5,52.0,Not_Urgent
indoor_cycle01,indoor,2026-07-02 06:00:00,25.51,53.75,69.86,-1.9000000000000057,168.3,6,51.0,Not_Urgent
indoor_cycle01,indoor,2026-07-02 07:00:00,26.07,55.64,68.69,-2.8100000000000023,162.3,7,50.0,Not_Urgent
indoor_cycle01,indoor,2026-07-02 08:00:00,26.33,52.93,68.21,-2.6000000000000085,162.2,8,49.0,Not_Urgent
indoor_cycle01,indoor,2026-07-02 09:00:00,27.24,53.88,67.34,-2.519999999999996,178.4,9,48.0,Not_Urgent
indoor_cycle01,indoor,2026-07-02 10:00:00,26.45,51.78,66.62,-2.069999999999993,177.8,10,47.0,Soon
indoor_cycle01,indoor,2026-07-02 11:00:00,27.35,53.6,65.6,-2.6099999999999994,226.4,11,46.0,Soon
indoor_cycle01,indoor,2026-07-02 12:00:00,27.65,52.31,64.63,-2.710000000000008,151.6,12,45.0,Soon
indoor_cycle01,indoor,2026-07-02 13:00:00,27.49,58.74,63.56,-3.0600000000000023,184.8,13,44.0,Soon
indoor_cycle01,indoor,2026-07-02 14:00:00,27.28,49.91,62.38,-3.219999999999992,207.5,14,43.0,Soon
indoor_cycle01,indoor,2026-07-02 15:00:00,27.54,50.96,61.86,-2.769999999999996,206.3,15,42.0,Soon
indoor_cycle01,indoor,2026-07-02 16:00:00,27.1,59.23,61.11,-2.450000000000003,150.2,16,41.0,Soon
indoor_cycle01,indoor,2026-07-02 17:00:00,26.45,53.09,60.21,-2.1700000000000017,129.3,17,40.0,Soon
indoor_cycle01,indoor,2026-07-02 18:00:00,25.36,56.18,58.89,-2.969999999999999,131.6,18,39.0,Soon
indoor_cycle01,indoor,2026-07-02 19:00:00,25.53,54.19,58.41,-2.700000000000003,166.3,19,38.0,Soon
indoor_cycle01,indoor,2026-07-02 20:00:00,26.14,58.27,57.51,-2.700000000000003,117.9,20,37.0,Soon
indoor_cycle01,indoor,2026-07-02 21:00:00,26.16,56.95,57.05,-1.8400000000000036,125.3,21,36.0,Soon
indoor_cycle01,indoor,2026-07-02 22:00:00,26.31,55.74,56.1,-2.309999999999995,155.0,22,35.0,Soon
indoor_cycle01,indoor,2026-07-02 23:00:00,25.59,55.58,55.46,-2.049999999999997,155.9,23,34.0,Soon
indoor_cycle01,indoor,2026-07-03 00:00:00,27.12,56.18,54.42,-2.6299999999999955,126.2,0,33.0,Soon
indoor_cycle01,indoor,2026-07-03 01:00:00,25.42,56.97,53.81,-2.289999999999999,173.2,1,32.0,Soon
indoor_cycle01,indoor,2026-07-03 02:00:00,26.58,56.03,52.4,-3.0600000000000023,166.4,2,31.0,Soon
indoor_cycle01,indoor,2026-07-03 03:00:00,25.85,53.12,51.79,-2.6300000000000026,132.2,3,30.0,Soon
indoor_cycle01,indoor,2026-07-03 04:00:00,25.95,55.85,50.69,-3.1200000000000045,155.5,4,29.0,Soon
indoor_cycle01,indoor,2026-07-03 05:00:00,26.01,58.63,49.03,-3.369999999999997,144.7,5,28.0,Soon
indoor_cycle01,indoor,2026-07-03 06:00:00,26.38,52.86,48.03,-3.759999999999998,128.6,6,27.0,Soon
indoor_cycle01,indoor,2026-07-03 07:00:00,26.25,56.14,47.17,-3.519999999999996,169.8,7,26.0,Soon
indoor_cycle01,indoor,2026-07-03 08:00:00,26.24,49.96,46.0,-3.030000000000001,161.1,8,25.0,Soon
indoor_cycle01,indoor,2026-07-03 09:00:00,27.19,50.12,44.94,-3.0900000000000034,181.7,9,24.0,Soon
indoor_cycle01,indoor,2026-07-03 10:00:00,26.77,53.22,44.33,-2.8400000000000034,185.8,10,23.0,Urgent
indoor_cycle01,indoor,2026-07-03 11:00:00,27.66,53.99,43.04,-2.960000000000001,210.3,11,22.0,Urgent
indoor_cycle01,indoor,2026-07-03 12:00:00,26.67,50.16,41.9,-3.039999999999999,200.3,12,21.0,Urgent
indoor_cycle01,indoor,2026-07-03 13:00:00,27.76,62.22,40.59,-3.739999999999995,200.1,13,20.0,Urgent
indoor_cycle01,indoor,2026-07-03 14:00:00,27.87,54.46,39.4,-3.640000000000001,178.3,14,19.0,Urgent
indoor_cycle01,indoor,2026-07-03 15:00:00,26.6,52.64,38.44,-3.460000000000001,168.6,15,18.0,Urgent
indoor_cycle01,indoor,2026-07-03 16:00:00,28.14,49.08,38.01,-2.5800000000000054,183.7,16,17.0,Urgent
indoor_cycle01,indoor,2026-07-03 17:00:00,26.11,57.08,37.45,-1.949999999999996,161.6,17,16.0,Urgent
indoor_cycle01,indoor,2026-07-03 18:00:00,25.57,56.7,36.53,-1.9099999999999968,135.4,18,15.0,Urgent
indoor_cycle01,indoor,2026-07-03 19:00:00,26.03,53.37,35.49,-2.519999999999996,192.9,19,14.0,Urgent
indoor_cycle01,indoor,2026-07-03 20:00:00,24.78,55.47,34.39,-3.0600000000000023,136.8,20,13.0,Urgent
indoor_cycle01,indoor,2026-07-03 21:00:00,25.52,54.71,33.28,-3.25,160.1,21,12.0,Urgent
indoor_cycle01,indoor,2026-07-03 22:00:00,25.28,54.16,32.62,-2.8700000000000045,140.5,22,11.0,Urgent
indoor_cycle01,indoor,2026-07-03 23:00:00,27.06,56.01,31.5,-2.890000000000001,124.8,23,10.0,Urgent
indoor_cycle01,indoor,2026-07-04 00:00:00,27.27,57.58,30.79,-2.490000000000002,119.6,0,9.0,Urgent
indoor_cycle01,indoor,2026-07-04 01:00:00,26.76,53.23,29.71,-2.9099999999999966,158.9,1,8.0,Urgent
indoor_cycle01,indoor,2026-07-04 02:00:00,25.44,54.85,29.17,-2.3299999999999983,85.2,2,7.0,Urgent
indoor_cycle01,indoor,2026-07-04 03:00:00,25.85,51.88,28.75,-2.039999999999999,182.6,3,6.0,Urgent
indoor_cycle01,indoor,2026-07-04 04:00:00,25.74,55.33,28.33,-1.3800000000000026,178.8,4,5.0,Urgent
indoor_cycle01,indoor,2026-07-04 05:00:00,26.7,55.03,27.34,-1.8300000000000016,130.4,5,4.0,Urgent
indoor_cycle01,indoor,2026-07-04 06:00:00,26.12,53.5,26.61,-2.140000000000001,151.4,6,3.0,Urgent
indoor_cycle01,indoor,2026-07-04 07:00:00,26.46,56.01,26.09,-2.2399999999999984,192.1,7,2.0,Urgent
indoor_cycle01,indoor,2026-07-04 08:00:00,28.03,48.87,25.0,-2.34,167.0,8,1.0,Urgent
indoor_cycle01,indoor,2026-07-04 09:00:00,27.23,51.68,24.21,-2.3999999999999986,174.1,9,0.0,Urgent
indoor_cycle02,indoor,2026-07-04 15:00:00,27.05,53.53,86.16,-3.0700000000000074,203.8,15,70.0,Not_Urgent
indoor_cycle02,indoor,2026-07-04 16:00:00,27.08,53.24,84.92,-3.1499999999999915,165.6,16,69.0,Not_Urgent
indoor_cycle02,indoor,2026-07-04 17:00:00,26.88,56.39,84.03,-2.890000000000001,186.5,17,68.0,Not_Urgent
indoor_cycle02,indoor,2026-07-04 18:00:00,26.41,54.22,83.22,-2.9399999999999977,156.5,18,67.0,Not_Urgent
indoor_cycle02,indoor,2026-07-04 19:00:00,26.06,56.49,81.74,-3.180000000000007,133.6,19,66.0,Not_Urgent
indoor_cycle02,indoor,2026-07-04 20:00:00,25.4,51.96,80.65,-3.3799999999999955,173.2,20,65.0,Not_Urgent
indoor_cycle02,indoor,2026-07-04 21:00:00,26.37,56.57,80.07,-3.1500000000000057,149.8,21,64.0,Not_Urgent
indoor_cycle02,indoor,2026-07-04 22:00:00,26.05,53.31,79.27,-2.469999999999999,169.5,22,63.0,Not_Urgent
indoor_cycle02,indoor,2026-07-04 23:00:00,25.5,54.2,78.59,-2.0600000000000023,158.3,23,62.0,Not_Urgent
indoor_cycle02,indoor,2026-07-05 00:00:00,25.51,55.61,77.89,-2.1799999999999926,154.9,0,61.0,Not_Urgent
indoor_cycle02,indoor,2026-07-05 01:00:00,25.72,55.58,77.46,-1.8100000000000025,121.0,1,60.0,Not_Urgent
indoor_cycle02,indoor,2026-07-05 02:00:00,25.57,54.47,76.17,-2.4200000000000017,156.2,2,59.0,Not_Urgent
indoor_cycle02,indoor,2026-07-05 03:00:00,26.51,54.6,75.62,-2.269999999999996,149.6,3,58.0,Not_Urgent
indoor_cycle02,indoor,2026-07-05 04:00:00,25.99,54.28,75.02,-2.4399999999999977,156.5,4,57.0,Not_Urgent
indoor_cycle02,indoor,2026-07-05 05:00:00,26.31,58.83,74.05,-2.1200000000000045,147.8,5,56.0,Not_Urgent
indoor_cycle02,indoor,2026-07-05 06:00:00,26.41,54.0,73.19,-2.430000000000007,154.5,6,55.0,Not_Urgent
indoor_cycle02,indoor,2026-07-05 07:00:00,26.45,52.42,72.16,-2.8599999999999994,160.8,7,54.0,Not_Urgent
indoor_cycle02,indoor,2026-07-05 08:00:00,27.62,56.15,71.48,-2.569999999999993,213.1,8,53.0,Not_Urgent
indoor_cycle02,indoor,2026-07-05 09:00:00,27.58,53.69,70.78,-2.4099999999999966,222.1,9,52.0,Not_Urgent
indoor_cycle02,indoor,2026-07-05 10:00:00,26.8,51.34,69.98,-2.1799999999999926,142.2,10,51.0,Not_Urgent
indoor_cycle02,indoor,2026-07-05 11:00:00,26.99,52.96,68.44,-3.0400000000000063,195.5,11,50.0,Not_Urgent
indoor_cycle02,indoor,2026-07-05 12:00:00,28.07,51.06,67.31,-3.469999999999999,172.0,12,49.0,Not_Urgent
indoor_cycle02,indoor,2026-07-05 13:00:00,26.66,57.16,66.48,-3.5,212.2,13,48.0,Not_Urgent
indoor_cycle02,indoor,2026-07-05 14:00:00,26.27,56.22,65.15,-3.289999999999992,182.4,14,47.0,Soon
indoor_cycle02,indoor,2026-07-05 15:00:00,26.1,51.73,64.2,-3.1099999999999994,178.4,15,46.0,Soon
indoor_cycle02,indoor,2026-07-05 16:00:00,26.48,55.31,63.33,-3.1500000000000057,148.6,16,45.0,Soon
indoor_cycle02,indoor,2026-07-05 17:00:00,26.46,55.64,62.78,-2.3700000000000045,174.6,17,44.0,Soon
indoor_cycle02,indoor,2026-07-05 18:00:00,25.08,58.19,62.15,-2.0500000000000043,156.6,18,43.0,Soon
indoor_cycle02,indoor,2026-07-05 19:00:00,26.93,55.29,61.28,-2.049999999999997,173.6,19,42.0,Soon
indoor_cycle02,indoor,2026-07-05 20:00:00,27.24,59.39,60.14,-2.640000000000001,145.0,20,41.0,Soon
indoor_cycle02,indoor,2026-07-05 21:00:00,26.39,58.42,59.09,-3.059999999999995,130.7,21,40.0,Soon
indoor_cycle02,indoor,2026-07-05 22:00:00,26.64,50.6,58.85,-2.43,126.3,22,39.0,Soon
indoor_cycle02,indoor,2026-07-05 23:00:00,25.84,56.79,57.98,-2.160000000000004,180.0,23,38.0,Soon
indoor_cycle02,indoor,2026-07-06 00:00:00,26.98,51.55,57.14,-1.9500000000000028,115.9,0,37.0,Soon
indoor_cycle02,indoor,2026-07-06 01:00:00,26.23,54.92,56.32,-2.530000000000001,108.7,1,36.0,Soon
indoor_cycle02,indoor,2026-07-06 02:00:00,25.22,56.67,55.75,-2.229999999999997,157.3,2,35.0,Soon
indoor_cycle02,indoor,2026-07-06 03:00:00,25.69,52.35,54.61,-2.530000000000001,148.7,3,34.0,Soon
indoor_cycle02,indoor,2026-07-06 04:00:00,25.41,56.26,54.0,-2.3200000000000003,139.4,4,33.0,Soon
indoor_cycle02,indoor,2026-07-06 05:00:00,25.94,52.41,53.51,-2.240000000000002,138.9,5,32.0,Soon
indoor_cycle02,indoor,2026-07-06 06:00:00,27.18,55.09,52.6,-2.009999999999998,136.0,6,31.0,Soon
indoor_cycle02,indoor,2026-07-06 07:00:00,26.32,53.8,51.49,-2.509999999999998,172.6,7,30.0,Soon
indoor_cycle02,indoor,2026-07-06 08:00:00,26.43,52.31,51.26,-2.25,164.5,8,29.0,Soon
indoor_cycle02,indoor,2026-07-06 09:00:00,26.15,56.65,50.4,-2.200000000000003,211.2,9,28.0,Soon
indoor_cycle02,indoor,2026-07-06 10:00:00,27.64,53.61,49.1,-2.390000000000001,246.2,10,27.0,Soon
indoor_cycle02,indoor,2026-07-06 11:00:00,27.37,50.2,48.07,-3.1899999999999977,156.5,11,26.0,Soon
indoor_cycle02,indoor,2026-07-06 12:00:00,27.05,48.94,47.42,-2.979999999999997,177.1,12,25.0,Soon
indoor_cycle02,indoor,2026-07-06 13:00:00,28.46,54.79,46.0,-3.1000000000000014,188.5,13,24.0,Soon
indoor_cycle02,indoor,2026-07-06 14:00:00,27.35,50.68,44.88,-3.1899999999999977,215.1,14,23.0,Urgent
indoor_cycle02,indoor,2026-07-06 15:00:00,26.44,52.76,44.35,-3.0700000000000003,160.8,15,22.0,Urgent
indoor_cycle02,indoor,2026-07-06 16:00:00,27.31,58.52,43.27,-2.729999999999997,142.0,16,21.0,Urgent
indoor_cycle02,indoor,2026-07-06 17:00:00,26.0,53.14,42.64,-2.240000000000002,148.5,17,20.0,Urgent
indoor_cycle02,indoor,2026-07-06 18:00:00,26.03,52.92,41.81,-2.539999999999999,155.4,18,19.0,Urgent
indoor_cycle02,indoor,2026-07-06 19:00:00,25.86,52.73,40.73,-2.5400000000000063,138.5,19,18.0,Urgent
indoor_cycle02,indoor,2026-07-06 20:00:00,26.3,52.56,39.66,-2.980000000000004,152.0,20,17.0,Urgent
indoor_cycle02,indoor,2026-07-06 21:00:00,25.0,56.36,38.64,-3.1700000000000017,136.7,21,16.0,Urgent
indoor_cycle02,indoor,2026-07-06 22:00:00,25.54,50.49,37.77,-2.9599999999999937,117.4,22,15.0,Urgent
indoor_cycle02,indoor,2026-07-06 23:00:00,26.16,52.74,37.42,-2.239999999999995,162.8,23,14.0,Urgent
indoor_cycle02,indoor,2026-07-07 00:00:00,25.96,51.97,36.56,-2.0799999999999983,137.0,0,13.0,Urgent
indoor_cycle02,indoor,2026-07-07 01:00:00,25.48,54.04,35.88,-1.8900000000000008,170.1,1,12.0,Urgent
indoor_cycle02,indoor,2026-07-07 02:00:00,26.5,52.18,34.6,-2.8200000000000003,160.6,2,11.0,Urgent
indoor_cycle02,indoor,2026-07-07 03:00:00,24.52,53.01,33.81,-2.75,161.5,3,10.0,Urgent
indoor_cycle02,indoor,2026-07-07 04:00:00,26.22,53.49,33.0,-2.8800000000000026,151.7,4,9.0,Urgent
indoor_cycle02,indoor,2026-07-07 05:00:00,26.7,55.64,32.28,-2.3200000000000003,156.8,5,8.0,Urgent
indoor_cycle02,indoor,2026-07-07 06:00:00,25.71,53.92,31.55,-2.2600000000000016,157.9,6,7.0,Urgent
indoor_cycle02,indoor,2026-07-07 07:00:00,26.56,59.54,30.77,-2.2300000000000004,177.8,7,6.0,Urgent
indoor_cycle02,indoor,2026-07-07 08:00:00,27.47,52.73,30.16,-2.120000000000001,129.2,8,5.0,Urgent
indoor_cycle02,indoor,2026-07-07 09:00:00,25.94,52.35,28.71,-2.84,178.7,9,4.0,Urgent
indoor_cycle02,indoor,2026-07-07 10:00:00,27.5,52.29,28.42,-2.349999999999998,201.2,10,3.0,Urgent
indoor_cycle02,indoor,2026-07-07 11:00:00,27.59,54.51,27.1,-3.0599999999999987,159.1,11,2.0,Urgent
indoor_cycle02,indoor,2026-07-07 12:00:00,27.7,51.46,25.44,-3.27,202.7,12,1.0,Urgent
indoor_cycle02,indoor,2026-07-07 13:00:00,27.56,53.21,24.72,-3.700000000000003,179.4,13,0.0,Urgent
indoor_cycle03,indoor,2026-07-07 19:00:00,26.45,52.69,86.28,-2.950000000000003,167.4,19,68.0,Not_Urgent
indoor_cycle03,indoor,2026-07-07 20:00:00,26.25,59.69,85.8,-2.700000000000003,134.5,20,67.0,Not_Urgent
indoor_cycle03,indoor,2026-07-07 21:00:00,24.93,58.74,84.97,-2.5700000000000074,163.1,21,66.0,Not_Urgent
indoor_cycle03,indoor,2026-07-07 22:00:00,26.17,52.19,84.08,-2.200000000000003,198.9,22,65.0,Not_Urgent
indoor_cycle03,indoor,2026-07-07 23:00:00,26.07,56.81,83.16,-2.640000000000001,159.6,23,64.0,Not_Urgent
indoor_cycle03,indoor,2026-07-08 00:00:00,25.53,56.18,81.91,-3.0600000000000023,187.6,0,63.0,Not_Urgent
indoor_cycle03,indoor,2026-07-08 01:00:00,26.96,53.72,81.1,-2.980000000000004,130.2,1,62.0,Not_Urgent
indoor_cycle03,indoor,2026-07-08 02:00:00,26.03,57.74,79.79,-3.3699999999999903,116.2,2,61.0,Not_Urgent
indoor_cycle03,indoor,2026-07-08 03:00:00,25.91,53.93,79.44,-2.469999999999999,129.8,3,60.0,Not_Urgent
indoor_cycle03,indoor,2026-07-08 04:00:00,26.49,55.18,78.97,-2.1299999999999955,124.2,4,59.0,Not_Urgent
indoor_cycle03,indoor,2026-07-08 05:00:00,25.8,59.17,78.57,-1.220000000000013,144.8,5,58.0,Not_Urgent
indoor_cycle03,indoor,2026-07-08 06:00:00,25.85,54.32,77.74,-1.7000000000000028,96.1,6,57.0,Not_Urgent
indoor_cycle03,indoor,2026-07-08 07:00:00,26.25,56.09,76.52,-2.450000000000003,197.3,7,56.0,Not_Urgent
indoor_cycle03,indoor,2026-07-08 08:00:00,26.59,50.98,75.59,-2.9799999999999898,221.5,8,55.0,Not_Urgent
indoor_cycle03,indoor,2026-07-08 09:00:00,27.07,53.17,74.69,-3.049999999999997,182.2,9,54.0,Not_Urgent
indoor_cycle03,indoor,2026-07-08 10:00:00,26.95,51.47,73.89,-2.6299999999999955,184.0,10,53.0,Not_Urgent
indoor_cycle03,indoor,2026-07-08 11:00:00,27.02,52.85,72.47,-3.1200000000000045,183.5,11,52.0,Not_Urgent
indoor_cycle03,indoor,2026-07-08 12:00:00,25.91,55.23,72.11,-2.5799999999999983,214.9,12,51.0,Not_Urgent
indoor_cycle03,indoor,2026-07-08 13:00:00,27.24,51.66,71.37,-2.519999999999996,160.5,13,50.0,Not_Urgent
indoor_cycle03,indoor,2026-07-08 14:00:00,26.63,57.22,70.03,-2.4399999999999977,203.4,14,49.0,Not_Urgent
indoor_cycle03,indoor,2026-07-08 15:00:00,27.49,50.41,68.95,-3.1599999999999966,167.8,15,48.0,Not_Urgent
indoor_cycle03,indoor,2026-07-08 16:00:00,26.02,55.53,68.14,-3.230000000000004,165.2,16,47.0,Soon
indoor_cycle03,indoor,2026-07-08 17:00:00,26.81,55.46,66.91,-3.1200000000000045,153.1,17,46.0,Soon
indoor_cycle03,indoor,2026-07-08 18:00:00,25.35,56.54,66.16,-2.7900000000000063,161.9,18,45.0,Soon
indoor_cycle03,indoor,2026-07-08 19:00:00,26.2,51.87,65.36,-2.780000000000001,168.5,19,44.0,Soon
indoor_cycle03,indoor,2026-07-08 20:00:00,25.69,57.62,64.93,-1.9799999999999895,135.9,20,43.0,Soon
indoor_cycle03,indoor,2026-07-08 21:00:00,25.07,56.52,63.56,-2.5999999999999943,124.4,21,42.0,Soon
indoor_cycle03,indoor,2026-07-08 22:00:00,24.75,59.24,62.74,-2.619999999999997,154.2,22,41.0,Soon
indoor_cycle03,indoor,2026-07-08 23:00:00,25.67,56.0,61.56,-3.3700000000000045,149.2,23,40.0,Soon
indoor_cycle03,indoor,2026-07-09 00:00:00,26.07,55.38,60.72,-2.8400000000000034,142.7,0,39.0,Soon
indoor_cycle03,indoor,2026-07-09 01:00:00,26.18,50.72,59.65,-3.0900000000000034,123.0,1,38.0,Soon
indoor_cycle03,indoor,2026-07-09 02:00:00,26.1,54.54,58.7,-2.8599999999999994,150.4,2,37.0,Soon
indoor_cycle03,indoor,2026-07-09 03:00:00,25.68,53.05,58.14,-2.5799999999999983,153.9,3,36.0,Soon
indoor_cycle03,indoor,2026-07-09 04:00:00,26.24,50.74,57.15,-2.5,170.6,4,35.0,Soon
indoor_cycle03,indoor,2026-07-09 05:00:00,26.15,57.46,55.99,-2.710000000000001,183.3,5,34.0,Soon
indoor_cycle03,indoor,2026-07-09 06:00:00,24.9,51.8,55.14,-3.0,137.5,6,33.0,Soon
indoor_cycle03,indoor,2026-07-09 07:00:00,26.7,52.54,54.48,-2.6700000000000017,164.1,7,32.0,Soon
indoor_cycle03,indoor,2026-07-09 08:00:00,26.38,50.23,53.97,-2.020000000000003,151.5,8,31.0,Soon
indoor_cycle03,indoor,2026-07-09 09:00:00,26.48,55.87,52.24,-2.8999999999999986,159.3,9,30.0,Soon
indoor_cycle03,indoor,2026-07-09 10:00:00,27.6,53.3,51.07,-3.4099999999999966,167.5,10,29.0,Soon
indoor_cycle03,indoor,2026-07-09 11:00:00,27.1,52.89,50.13,-3.839999999999996,239.8,11,28.0,Soon
indoor_cycle03,indoor,2026-07-09 12:00:00,28.19,50.74,48.62,-3.620000000000005,189.3,12,27.0,Soon
indoor_cycle03,indoor,2026-07-09 13:00:00,27.07,57.12,47.81,-3.259999999999998,202.8,13,26.0,Soon
indoor_cycle03,indoor,2026-07-09 14:00:00,27.68,55.27,47.32,-2.8100000000000023,197.1,14,25.0,Soon
indoor_cycle03,indoor,2026-07-09 15:00:00,26.62,52.61,46.2,-2.4199999999999946,176.8,15,24.0,Soon
indoor_cycle03,indoor,2026-07-09 16:00:00,26.86,50.41,45.1,-2.710000000000001,177.6,16,23.0,Urgent
indoor_cycle03,indoor,2026-07-09 17:00:00,26.72,57.05,44.08,-3.240000000000002,177.0,17,22.0,Urgent
indoor_cycle03,indoor,2026-07-09 18:00:00,25.96,50.85,43.17,-3.030000000000001,158.6,18,21.0,Urgent
indoor_cycle03,indoor,2026-07-09 19:00:00,26.16,51.81,42.0,-3.1000000000000014,128.4,19,20.0,Urgent
indoor_cycle03,indoor,2026-07-09 20:00:00,25.98,56.7,41.14,-2.9399999999999977,150.6,20,19.0,Urgent
indoor_cycle03,indoor,2026-07-09 21:00:00,26.56,53.71,40.43,-2.740000000000002,151.9,21,18.0,Urgent
indoor_cycle03,indoor,2026-07-09 22:00:00,25.74,54.23,39.73,-2.270000000000003,154.4,22,17.0,Urgent
indoor_cycle03,indoor,2026-07-09 23:00:00,26.75,52.76,39.01,-2.1300000000000026,146.3,23,16.0,Urgent
indoor_cycle03,indoor,2026-07-10 00:00:00,26.87,55.49,38.6,-1.8299999999999983,170.6,0,15.0,Urgent
indoor_cycle03,indoor,2026-07-10 01:00:00,26.16,57.22,37.43,-2.299999999999997,151.6,1,14.0,Urgent
indoor_cycle03,indoor,2026-07-10 02:00:00,25.69,58.52,36.69,-2.3200000000000003,196.0,2,13.0,Urgent
indoor_cycle03,indoor,2026-07-10 03:00:00,25.73,58.63,36.0,-2.6000000000000014,181.6,3,12.0,Urgent
indoor_cycle03,indoor,2026-07-10 04:00:00,25.75,54.3,35.42,-2.009999999999998,123.1,4,11.0,Urgent
indoor_cycle03,indoor,2026-07-10 05:00:00,25.4,53.08,34.5,-2.1899999999999977,149.3,5,10.0,Urgent
indoor_cycle03,indoor,2026-07-10 06:00:00,26.93,52.5,33.72,-2.280000000000001,169.7,6,9.0,Urgent
indoor_cycle03,indoor,2026-07-10 07:00:00,26.36,56.04,32.72,-2.700000000000003,137.9,7,8.0,Urgent
indoor_cycle03,indoor,2026-07-10 08:00:00,26.85,54.98,31.07,-3.43,175.8,8,7.0,Urgent
indoor_cycle03,indoor,2026-07-10 09:00:00,26.68,51.9,30.3,-3.419999999999998,165.8,9,6.0,Urgent
indoor_cycle03,indoor,2026-07-10 10:00:00,26.92,55.81,29.51,-3.2099999999999973,213.1,10,5.0,Urgent
indoor_cycle03,indoor,2026-07-10 11:00:00,26.95,53.76,28.34,-2.7300000000000004,177.6,11,4.0,Urgent
indoor_cycle03,indoor,2026-07-10 12:00:00,27.62,48.71,26.83,-3.4700000000000024,221.0,12,3.0,Urgent
indoor_cycle03,indoor,2026-07-10 13:00:00,27.08,51.62,25.75,-3.7600000000000016,194.4,13,2.0,Urgent
indoor_cycle03,indoor,2026-07-10 14:00:00,27.69,57.86,25.03,-3.3099999999999987,181.1,14,1.0,Urgent
indoor_cycle03,indoor,2026-07-10 15:00:00,26.23,51.4,23.56,-3.27,177.6,15,0.0,Urgent
indoor_cycle04,indoor,2026-07-10 21:00:00,26.35,57.77,85.89,-2.9000000000000057,166.4,21,66.0,Not_Urgent
indoor_cycle04,indoor,2026-07-10 22:00:00,26.64,57.92,84.84,-2.789999999999992,177.6,22,65.0,Not_Urgent
indoor_cycle04,indoor,2026-07-10 23:00:00,25.9,55.37,84.24,-2.6500000000000057,174.1,23,64.0,Not_Urgent
indoor_cycle04,indoor,2026-07-11 00:00:00,26.22,54.02,83.0,-2.890000000000001,150.6,0,63.0,Not_Urgent
indoor_cycle04,indoor,2026-07-11 01:00:00,26.11,55.12,81.93,-2.9099999999999966,122.8,1,62.0,Not_Urgent
indoor_cycle04,indoor,2026-07-11 02:00:00,26.39,60.41,81.01,-3.2299999999999898,143.8,2,61.0,Not_Urgent
indoor_cycle04,indoor,2026-07-11 03:00:00,26.15,58.94,80.08,-2.9200000000000017,148.1,3,60.0,Not_Urgent
indoor_cycle04,indoor,2026-07-11 04:00:00,26.36,55.47,79.17,-2.760000000000005,141.1,4,59.0,Not_Urgent
indoor_cycle04,indoor,2026-07-11 05:00:00,26.64,52.43,78.53,-2.480000000000004,152.7,5,58.0,Not_Urgent
indoor_cycle04,indoor,2026-07-11 06:00:00,26.72,51.19,77.57,-2.510000000000005,138.8,6,57.0,Not_Urgent
indoor_cycle04,indoor,2026-07-11 07:00:00,27.33,54.19,76.12,-3.049999999999997,149.2,7,56.0,Not_Urgent
indoor_cycle04,indoor,2026-07-11 08:00:00,25.88,48.25,75.36,-3.1700000000000017,178.8,8,55.0,Not_Urgent
indoor_cycle04,indoor,2026-07-11 09:00:00,26.45,55.0,74.59,-2.9799999999999898,183.2,9,54.0,Not_Urgent
indoor_cycle04,indoor,2026-07-11 10:00:00,26.53,55.02,73.66,-2.460000000000008,197.6,10,53.0,Not_Urgent
indoor_cycle04,indoor,2026-07-11 11:00:00,28.56,49.91,72.89,-2.469999999999999,158.1,11,52.0,Not_Urgent
indoor_cycle04,indoor,2026-07-11 12:00:00,27.47,53.11,71.81,-2.780000000000001,185.2,12,51.0,Not_Urgent
indoor_cycle04,indoor,2026-07-11 13:00:00,26.7,56.19,70.5,-3.1599999999999966,187.0,13,50.0,Not_Urgent
indoor_cycle04,indoor,2026-07-11 14:00:00,27.5,53.98,69.4,-3.489999999999995,196.0,14,49.0,Not_Urgent
indoor_cycle04,indoor,2026-07-11 15:00:00,27.45,56.56,68.25,-3.5600000000000023,182.2,15,48.0,Not_Urgent
indoor_cycle04,indoor,2026-07-11 16:00:00,26.7,57.35,66.8,-3.700000000000003,156.5,16,47.0,Soon
indoor_cycle04,indoor,2026-07-11 17:00:00,26.36,50.78,66.12,-3.280000000000001,162.9,17,46.0,Soon
indoor_cycle04,indoor,2026-07-11 18:00:00,26.5,53.37,65.84,-2.4099999999999966,141.1,18,45.0,Soon
indoor_cycle04,indoor,2026-07-11 19:00:00,25.73,48.94,64.76,-2.039999999999992,118.3,19,44.0,Soon
indoor_cycle04,indoor,2026-07-11 20:00:00,26.47,56.06,63.92,-2.200000000000003,130.7,20,43.0,Soon
indoor_cycle04,indoor,2026-07-11 21:00:00,26.0,52.1,62.81,-3.030000000000001,180.1,21,42.0,Soon
indoor_cycle04,indoor,2026-07-11 22:00:00,25.87,55.07,62.57,-2.190000000000005,154.2,22,41.0,Soon
indoor_cycle04,indoor,2026-07-11 23:00:00,25.85,53.3,61.81,-2.1099999999999994,130.0,23,40.0,Soon
indoor_cycle04,indoor,2026-07-12 00:00:00,27.08,56.6,60.78,-2.030000000000001,138.6,0,39.0,Soon
indoor_cycle04,indoor,2026-07-12 01:00:00,26.84,57.31,60.13,-2.4399999999999977,151.2,1,38.0,Soon
indoor_cycle04,indoor,2026-07-12 02:00:00,26.42,55.98,59.09,-2.719999999999999,167.9,2,37.0,Soon
indoor_cycle04,indoor,2026-07-12 03:00:00,26.63,53.66,58.18,-2.6000000000000014,176.3,3,36.0,Soon
indoor_cycle04,indoor,2026-07-12 04:00:00,27.25,53.28,57.27,-2.8599999999999994,184.7,4,35.0,Soon
indoor_cycle04,indoor,2026-07-12 05:00:00,25.61,53.79,56.29,-2.8000000000000043,143.6,5,34.0,Soon
indoor_cycle04,indoor,2026-07-12 06:00:00,26.31,53.57,54.8,-3.3800000000000026,149.5,6,33.0,Soon
indoor_cycle04,indoor,2026-07-12 07:00:00,27.42,55.44,53.88,-3.390000000000001,161.1,7,32.0,Soon
indoor_cycle04,indoor,2026-07-12 08:00:00,27.12,51.19,53.47,-2.8200000000000003,164.9,8,31.0,Soon
indoor_cycle04,indoor,2026-07-12 09:00:00,27.3,54.85,52.05,-2.75,168.6,9,30.0,Soon
indoor_cycle04,indoor,2026-07-12 10:00:00,26.56,49.17,50.78,-3.1000000000000014,189.1,10,29.0,Soon
indoor_cycle04,indoor,2026-07-12 11:00:00,28.46,51.44,49.82,-3.649999999999999,210.2,11,28.0,Soon
indoor_cycle04,indoor,2026-07-12 12:00:00,27.4,54.71,49.31,-2.739999999999995,203.0,12,27.0,Soon
indoor_cycle04,indoor,2026-07-12 13:00:00,28.33,56.04,48.22,-2.5600000000000023,176.1,13,26.0,Soon
indoor_cycle04,indoor,2026-07-12 14:00:00,27.6,53.49,47.46,-2.3599999999999994,173.6,14,25.0,Soon
indoor_cycle04,indoor,2026-07-12 15:00:00,27.05,56.16,46.63,-2.68,189.2,15,24.0,Soon
indoor_cycle04,indoor,2026-07-12 16:00:00,27.21,46.63,46.24,-1.9799999999999969,193.0,16,23.0,Urgent
indoor_cycle04,indoor,2026-07-12 17:00:00,26.17,51.55,45.01,-2.450000000000003,134.5,17,22.0,Urgent
indoor_cycle04,indoor,2026-07-12 18:00:00,25.72,55.87,44.02,-2.6099999999999994,149.1,18,21.0,Urgent
indoor_cycle04,indoor,2026-07-12 19:00:00,26.05,51.79,43.32,-2.9200000000000017,169.9,19,20.0,Urgent
indoor_cycle04,indoor,2026-07-12 20:00:00,25.07,53.93,42.21,-2.799999999999997,180.0,20,19.0,Urgent
indoor_cycle04,indoor,2026-07-12 21:00:00,25.79,54.13,40.74,-3.280000000000001,143.6,21,18.0,Urgent
indoor_cycle04,indoor,2026-07-12 22:00:00,26.23,56.08,39.82,-3.5,170.6,22,17.0,Urgent
indoor_cycle04,indoor,2026-07-12 23:00:00,25.84,54.51,38.98,-3.230000000000004,148.6,23,16.0,Urgent
indoor_cycle04,indoor,2026-07-13 00:00:00,26.44,55.13,38.15,-2.5900000000000034,164.7,0,15.0,Urgent
indoor_cycle04,indoor,2026-07-13 01:00:00,26.05,50.0,37.2,-2.619999999999997,168.3,1,14.0,Urgent
indoor_cycle04,indoor,2026-07-13 02:00:00,26.6,47.76,36.39,-2.5899999999999963,191.8,2,13.0,Urgent
indoor_cycle04,indoor,2026-07-13 03:00:00,26.66,52.4,35.85,-2.299999999999997,162.3,3,12.0,Urgent
indoor_cycle04,indoor,2026-07-13 04:00:00,25.63,59.79,34.94,-2.260000000000005,146.2,4,11.0,Urgent
indoor_cycle04,indoor,2026-07-13 05:00:00,26.52,56.24,33.98,-2.410000000000004,153.0,5,10.0,Urgent
indoor_cycle04,indoor,2026-07-13 06:00:00,27.44,54.86,32.82,-3.030000000000001,154.0,6,9.0,Urgent
indoor_cycle04,indoor,2026-07-13 07:00:00,27.05,57.32,32.27,-2.6699999999999946,173.1,7,8.0,Urgent
indoor_cycle04,indoor,2026-07-13 08:00:00,27.73,50.88,31.59,-2.389999999999997,176.1,8,7.0,Urgent
indoor_cycle04,indoor,2026-07-13 09:00:00,27.02,54.05,30.52,-2.3000000000000007,184.7,9,6.0,Urgent
indoor_cycle04,indoor,2026-07-13 10:00:00,28.27,53.97,29.27,-3.000000000000004,179.8,10,5.0,Urgent
indoor_cycle04,indoor,2026-07-13 11:00:00,28.16,49.52,28.09,-3.5,200.6,11,4.0,Urgent
indoor_cycle04,indoor,2026-07-13 12:00:00,27.32,55.94,27.07,-3.4499999999999997,187.0,12,3.0,Urgent
indoor_cycle04,indoor,2026-07-13 13:00:00,27.35,52.62,26.53,-2.7399999999999984,166.7,13,2.0,Urgent
indoor_cycle04,indoor,2026-07-13 14:00:00,28.26,50.72,26.22,-1.870000000000001,164.8,14,1.0,Urgent
indoor_cycle04,indoor,2026-07-13 15:00:00,26.68,49.92,24.97,-2.1000000000000014,211.1,15,0.0,Urgent
indoor_cycle05,indoor,2026-07-13 21:00:00,26.36,57.13,86.94,-2.3100000000000023,165.2,21,68.0,Not_Urgent
indoor_cycle05,indoor,2026-07-13 22:00:00,26.06,54.84,86.17,-2.719999999999999,134.9,22,67.0,Not_Urgent
indoor_cycle05,indoor,2026-07-13 23:00:00,24.98,54.75,85.65,-2.219999999999999,130.2,23,66.0,Not_Urgent
indoor_cycle05,indoor,2026-07-14 00:00:00,26.11,58.48,85.27,-1.6700000000000017,168.4,0,65.0,Not_Urgent
indoor_cycle05,indoor,2026-07-14 01:00:00,25.41,57.35,84.49,-1.6800000000000068,130.4,1,64.0,Not_Urgent
indoor_cycle05,indoor,2026-07-14 02:00:00,26.33,52.58,84.04,-1.6099999999999994,152.1,2,63.0,Not_Urgent
indoor_cycle05,indoor,2026-07-14 03:00:00,25.64,55.8,83.06,-2.2099999999999937,118.1,3,62.0,Not_Urgent
indoor_cycle05,indoor,2026-07-14 04:00:00,25.99,56.38,81.8,-2.6899999999999977,154.5,4,61.0,Not_Urgent
indoor_cycle05,indoor,2026-07-14 05:00:00,26.08,53.93,80.79,-3.25,152.4,5,60.0,Not_Urgent
indoor_cycle05,indoor,2026-07-14 06:00:00,26.03,55.1,80.14,-2.9200000000000017,136.0,6,59.0,Not_Urgent
indoor_cycle05,indoor,2026-07-14 07:00:00,25.55,58.73,79.46,-2.3400000000000034,135.5,7,58.0,Not_Urgent
indoor_cycle05,indoor,2026-07-14 08:00:00,26.32,55.99,78.17,-2.6200000000000045,164.1,8,57.0,Not_Urgent
indoor_cycle05,indoor,2026-07-14 09:00:00,26.66,53.93,76.59,-3.549999999999997,161.6,9,56.0,Not_Urgent
indoor_cycle05,indoor,2026-07-14 10:00:00,26.59,53.61,75.5,-3.9599999999999937,197.3,10,55.0,Not_Urgent
indoor_cycle05,indoor,2026-07-14 11:00:00,27.34,52.26,74.58,-3.5900000000000034,189.5,11,54.0,Not_Urgent
indoor_cycle05,indoor,2026-07-14 12:00:00,28.08,58.03,74.01,-2.5799999999999983,178.9,12,53.0,Not_Urgent
indoor_cycle05,indoor,2026-07-14 13:00:00,27.4,59.03,72.54,-2.9599999999999937,172.6,13,52.0,Not_Urgent
indoor_cycle05,indoor,2026-07-14 14:00:00,28.31,51.45,71.1,-3.480000000000004,196.0,14,51.0,Not_Urgent
indoor_cycle05,indoor,2026-07-14 15:00:00,26.83,52.72,70.46,-3.550000000000012,166.7,15,50.0,Not_Urgent
indoor_cycle05,indoor,2026-07-14 16:00:00,26.36,50.69,69.78,-2.760000000000005,170.7,16,49.0,Not_Urgent
indoor_cycle05,indoor,2026-07-14 17:00:00,26.53,50.46,68.64,-2.4599999999999937,167.0,17,48.0,Not_Urgent
indoor_cycle05,indoor,2026-07-14 18:00:00,24.8,55.94,68.16,-2.299999999999997,174.6,18,47.0,Soon
indoor_cycle05,indoor,2026-07-14 19:00:00,27.0,56.05,67.32,-2.460000000000008,135.9,19,46.0,Soon
indoor_cycle05,indoor,2026-07-14 20:00:00,26.33,55.19,66.75,-1.8900000000000008,160.8,20,45.0,Soon
indoor_cycle05,indoor,2026-07-14 21:00:00,26.1,51.47,66.17,-1.9899999999999949,147.8,21,44.0,Soon
indoor_cycle05,indoor,2026-07-14 22:00:00,25.56,58.09,65.14,-2.1799999999999926,171.8,22,43.0,Soon
indoor_cycle05,indoor,2026-07-14 23:00:00,25.34,54.21,64.25,-2.5,174.3,23,42.0,Soon
indoor_cycle05,indoor,2026-07-15 00:00:00,27.39,55.98,63.49,-2.68,153.8,0,41.0,Soon
indoor_cycle05,indoor,2026-07-15 01:00:00,26.08,54.62,62.35,-2.789999999999999,164.2,1,40.0,Soon
indoor_cycle05,indoor,2026-07-15 02:00:00,25.53,51.67,61.35,-2.8999999999999986,113.3,2,39.0,Soon
indoor_cycle05,indoor,2026-07-15 03:00:00,25.34,49.62,59.75,-3.740000000000002,157.8,3,38.0,Soon
indoor_cycle05,indoor,2026-07-15 04:00:00,26.0,57.1,58.93,-3.4200000000000017,151.6,4,37.0,Soon
indoor_cycle05,indoor,2026-07-15 05:00:00,26.55,54.27,57.98,-3.3700000000000045,155.3,5,36.0,Soon
indoor_cycle05,indoor,2026-07-15 06:00:00,25.6,57.48,57.36,-2.390000000000001,146.5,6,35.0,Soon
indoor_cycle05,indoor,2026-07-15 07:00:00,26.71,52.11,56.48,-2.450000000000003,160.9,7,34.0,Soon
indoor_cycle05,indoor,2026-07-15 08:00:00,27.4,54.94,55.32,-2.6599999999999966,169.5,8,33.0,Soon
indoor_cycle05,indoor,2026-07-15 09:00:00,27.89,54.63,54.77,-2.5899999999999963,178.5,9,32.0,Soon
indoor_cycle05,indoor,2026-07-15 10:00:00,26.66,52.07,53.87,-2.6099999999999994,172.5,10,31.0,Soon
indoor_cycle05,indoor,2026-07-15 11:00:00,27.48,53.91,52.75,-2.5700000000000003,187.2,11,30.0,Soon
indoor_cycle05,indoor,2026-07-15 12:00:00,27.54,47.56,51.82,-2.950000000000003,171.2,12,29.0,Soon
indoor_cycle05,indoor,2026-07-15 13:00:00,26.72,54.09,50.48,-3.390000000000001,219.3,13,28.0,Soon
indoor_cycle05,indoor,2026-07-15 14:00:00,27.17,56.56,49.62,-3.1300000000000026,187.6,14,27.0,Soon
indoor_cycle05,indoor,2026-07-15 15:00:00,26.69,52.48,48.63,-3.1899999999999977,170.5,15,26.0,Soon
indoor_cycle05,indoor,2026-07-15 16:00:00,26.85,53.76,47.36,-3.119999999999997,178.7,16,25.0,Soon
indoor_cycle05,indoor,2026-07-15 17:00:00,26.96,50.64,46.19,-3.43,109.3,17,24.0,Soon
indoor_cycle05,indoor,2026-07-15 18:00:00,25.18,54.44,45.88,-2.75,126.6,18,23.0,Urgent
indoor_cycle05,indoor,2026-07-15 19:00:00,26.32,56.9,45.68,-1.6799999999999995,138.5,19,22.0,Urgent
indoor_cycle05,indoor,2026-07-15 20:00:00,25.67,55.98,44.78,-1.4099999999999966,120.4,20,21.0,Urgent
indoor_cycle05,indoor,2026-07-15 21:00:00,25.99,56.45,44.22,-1.6600000000000037,152.4,21,20.0,Urgent
indoor_cycle05,indoor,2026-07-15 22:00:00,26.72,54.6,43.65,-2.030000000000001,149.5,22,19.0,Urgent
indoor_cycle05,indoor,2026-07-15 23:00:00,25.73,52.79,42.29,-2.490000000000002,146.5,23,18.0,Urgent
indoor_cycle05,indoor,2026-07-16 00:00:00,25.18,50.97,41.5,-2.719999999999999,179.4,0,17.0,Urgent
indoor_cycle05,indoor,2026-07-16 01:00:00,25.6,57.6,40.1,-3.549999999999997,137.9,1,16.0,Urgent
indoor_cycle05,indoor,2026-07-16 02:00:00,26.41,53.78,39.43,-2.8599999999999994,193.1,2,15.0,Urgent
indoor_cycle05,indoor,2026-07-16 03:00:00,26.45,55.75,38.12,-3.3800000000000026,176.0,3,14.0,Urgent
indoor_cycle05,indoor,2026-07-16 04:00:00,26.02,53.12,37.47,-2.6300000000000026,159.2,4,13.0,Urgent
indoor_cycle05,indoor,2026-07-16 05:00:00,27.21,55.34,36.56,-2.869999999999997,142.7,5,12.0,Urgent
indoor_cycle05,indoor,2026-07-16 06:00:00,25.19,52.57,35.91,-2.210000000000001,174.0,6,11.0,Urgent
indoor_cycle05,indoor,2026-07-16 07:00:00,25.76,55.69,34.81,-2.6599999999999966,184.1,7,10.0,Urgent
indoor_cycle05,indoor,2026-07-16 08:00:00,27.35,51.86,33.45,-3.1099999999999994,141.6,8,9.0,Urgent
indoor_cycle05,indoor,2026-07-16 09:00:00,26.87,52.61,32.34,-3.569999999999993,204.8,9,8.0,Urgent
indoor_cycle05,indoor,2026-07-16 10:00:00,27.57,58.25,31.1,-3.710000000000001,171.8,10,7.0,Urgent
indoor_cycle05,indoor,2026-07-16 11:00:00,27.48,53.26,29.98,-3.4700000000000024,219.2,11,6.0,Urgent
indoor_cycle05,indoor,2026-07-16 12:00:00,27.82,55.18,29.25,-3.0900000000000034,182.7,12,5.0,Urgent
indoor_cycle05,indoor,2026-07-16 13:00:00,26.82,47.67,28.61,-2.490000000000002,229.8,13,4.0,Urgent
indoor_cycle05,indoor,2026-07-16 14:00:00,27.17,52.14,27.4,-2.580000000000002,190.8,14,3.0,Urgent
indoor_cycle05,indoor,2026-07-16 15:00:00,27.58,51.77,26.38,-2.870000000000001,174.9,15,2.0,Urgent
indoor_cycle05,indoor,2026-07-16 16:00:00,26.6,57.77,25.24,-3.370000000000001,179.8,16,1.0,Urgent
indoor_cycle05,indoor,2026-07-16 17:00:00,26.79,57.29,24.75,-2.6499999999999986,164.0,17,0.0,Urgent
outdoor_cycle01,outdoor,2026-07-16 23:00:00,29.45,65.95,85.84,-3.030000000000001,8386.9,23,62.0,Not_Urgent
outdoor_cycle01,outdoor,2026-07-17 00:00:00,28.92,61.94,85.14,-2.269999999999996,7937.3,0,61.0,Not_Urgent
outdoor_cycle01,outdoor,2026-07-17 01:00:00,28.65,66.47,84.08,-2.9099999999999966,8501.0,1,60.0,Not_Urgent
outdoor_cycle01,outdoor,2026-07-17 02:00:00,28.28,66.11,83.31,-2.530000000000001,8359.0,2,59.0,Not_Urgent
outdoor_cycle01,outdoor,2026-07-17 03:00:00,28.92,65.04,82.16,-2.980000000000004,7764.5,3,58.0,Not_Urgent
outdoor_cycle01,outdoor,2026-07-17 04:00:00,28.93,66.05,81.35,-2.730000000000004,7733.8,4,57.0,Not_Urgent
outdoor_cycle01,outdoor,2026-07-17 05:00:00,29.43,64.07,80.52,-2.7900000000000063,8518.1,5,56.0,Not_Urgent
outdoor_cycle01,outdoor,2026-07-17 06:00:00,29.13,67.33,80.09,-2.069999999999993,7574.5,6,55.0,Not_Urgent
outdoor_cycle01,outdoor,2026-07-17 07:00:00,29.38,66.22,78.34,-3.009999999999991,9646.2,7,54.0,Not_Urgent
outdoor_cycle01,outdoor,2026-07-17 08:00:00,31.16,61.71,76.72,-3.799999999999997,11962.6,8,53.0,Not_Urgent
outdoor_cycle01,outdoor,2026-07-17 09:00:00,33.77,62.72,75.49,-4.6000000000000085,13257.0,9,52.0,Not_Urgent
outdoor_cycle01,outdoor,2026-07-17 10:00:00,33.8,57.13,74.42,-3.9200000000000017,13816.7,10,51.0,Not_Urgent
outdoor_cycle01,outdoor,2026-07-17 11:00:00,33.73,56.62,73.04,-3.6799999999999926,14970.4,11,50.0,Not_Urgent
outdoor_cycle01,outdoor,2026-07-17 12:00:00,34.05,61.19,72.01,-3.4799999999999898,14657.5,12,49.0,Not_Urgent
outdoor_cycle01,outdoor,2026-07-17 13:00:00,33.4,53.09,70.96,-3.460000000000008,14736.7,13,48.0,Not_Urgent
outdoor_cycle01,outdoor,2026-07-17 14:00:00,34.24,60.08,69.33,-3.710000000000008,13754.9,14,47.0,Soon
outdoor_cycle01,outdoor,2026-07-17 15:00:00,33.27,61.15,68.56,-3.450000000000003,12881.8,15,46.0,Soon
outdoor_cycle01,outdoor,2026-07-17 16:00:00,31.28,63.97,67.08,-3.879999999999996,12065.4,16,45.0,Soon
outdoor_cycle01,outdoor,2026-07-17 17:00:00,30.0,60.26,66.62,-2.7099999999999937,9854.0,17,44.0,Soon
outdoor_cycle01,outdoor,2026-07-17 18:00:00,29.19,64.63,66.15,-2.4099999999999966,7860.2,18,43.0,Soon
outdoor_cycle01,outdoor,2026-07-17 19:00:00,29.31,63.67,65.95,-1.1299999999999957,7649.0,19,42.0,Soon
outdoor_cycle01,outdoor,2026-07-17 20:00:00,28.98,69.43,65.14,-1.480000000000004,8498.4,20,41.0,Soon
outdoor_cycle01,outdoor,2026-07-17 21:00:00,28.64,66.17,64.1,-2.050000000000012,7700.5,21,40.0,Soon
outdoor_cycle01,outdoor,2026-07-17 22:00:00,29.46,68.07,63.21,-2.740000000000002,7970.0,22,39.0,Soon
outdoor_cycle01,outdoor,2026-07-17 23:00:00,28.47,62.93,62.15,-2.990000000000002,7932.1,23,38.0,Soon
outdoor_cycle01,outdoor,2026-07-18 00:00:00,29.55,62.99,61.28,-2.819999999999993,8447.8,0,37.0,Soon
outdoor_cycle01,outdoor,2026-07-18 01:00:00,28.99,63.13,60.07,-3.140000000000001,7272.7,1,36.0,Soon
outdoor_cycle01,outdoor,2026-07-18 02:00:00,29.44,64.3,58.96,-3.1899999999999977,8020.1,2,35.0,Soon
outdoor_cycle01,outdoor,2026-07-18 03:00:00,28.06,63.68,58.39,-2.890000000000001,8238.3,3,34.0,Soon
outdoor_cycle01,outdoor,2026-07-18 04:00:00,29.18,61.61,57.45,-2.619999999999997,8139.9,4,33.0,Soon
outdoor_cycle01,outdoor,2026-07-18 05:00:00,28.03,67.91,56.74,-2.219999999999999,7779.6,5,32.0,Soon
outdoor_cycle01,outdoor,2026-07-18 06:00:00,29.12,67.87,55.77,-2.619999999999997,7695.3,6,31.0,Soon
outdoor_cycle01,outdoor,2026-07-18 07:00:00,30.55,64.79,54.9,-2.5500000000000043,9864.7,7,30.0,Soon
outdoor_cycle01,outdoor,2026-07-18 08:00:00,31.0,61.47,54.7,-2.039999999999999,11178.4,8,29.0,Soon
outdoor_cycle01,outdoor,2026-07-18 09:00:00,32.8,61.96,53.95,-1.8200000000000005,12240.9,9,28.0,Soon
outdoor_cycle01,outdoor,2026-07-18 10:00:00,33.7,63.65,53.09,-1.8099999999999952,14068.4,10,27.0,Soon
outdoor_cycle01,outdoor,2026-07-18 11:00:00,33.72,61.19,52.24,-2.460000000000001,14567.7,11,26.0,Soon
outdoor_cycle01,outdoor,2026-07-18 12:00:00,33.71,55.12,50.66,-3.2900000000000063,15036.8,12,25.0,Soon
outdoor_cycle01,outdoor,2026-07-18 13:00:00,34.02,57.12,50.05,-3.0400000000000063,14673.9,13,24.0,Soon
outdoor_cycle01,outdoor,2026-07-18 14:00:00,33.86,58.31,48.01,-4.230000000000004,14008.0,14,23.0,Urgent
outdoor_cycle01,outdoor,2026-07-18 15:00:00,32.71,57.82,46.62,-4.039999999999999,12821.8,15,22.0,Urgent
outdoor_cycle01,outdoor,2026-07-18 16:00:00,31.57,57.65,45.8,-4.25,11775.8,16,21.0,Urgent
outdoor_cycle01,outdoor,2026-07-18 17:00:00,31.42,65.76,44.43,-3.5799999999999983,9677.5,17,20.0,Urgent
outdoor_cycle01,outdoor,2026-07-18 18:00:00,29.04,67.13,43.73,-2.890000000000001,8145.4,18,19.0,Urgent
outdoor_cycle01,outdoor,2026-07-18 19:00:00,28.61,67.57,42.9,-2.8999999999999986,7899.6,19,18.0,Urgent
outdoor_cycle01,outdoor,2026-07-18 20:00:00,28.43,66.06,42.27,-2.1599999999999966,8618.8,20,17.0,Urgent
outdoor_cycle01,outdoor,2026-07-18 21:00:00,29.01,68.53,41.19,-2.539999999999999,7976.1,21,16.0,Urgent
outdoor_cycle01,outdoor,2026-07-18 22:00:00,28.36,66.07,39.94,-2.960000000000001,7943.9,22,15.0,Urgent
outdoor_cycle01,outdoor,2026-07-18 23:00:00,29.71,71.47,38.89,-3.3800000000000026,8173.9,23,14.0,Urgent
outdoor_cycle01,outdoor,2026-07-19 00:00:00,29.12,64.12,38.03,-3.1599999999999966,8101.5,0,13.0,Urgent
outdoor_cycle01,outdoor,2026-07-19 01:00:00,29.1,68.29,36.74,-3.199999999999996,7698.0,1,12.0,Urgent
outdoor_cycle01,outdoor,2026-07-19 02:00:00,29.79,64.7,35.97,-2.9200000000000017,7363.4,2,11.0,Urgent
outdoor_cycle01,outdoor,2026-07-19 03:00:00,29.78,64.94,35.17,-2.8599999999999994,7700.2,3,10.0,Urgent
outdoor_cycle01,outdoor,2026-07-19 04:00:00,29.5,66.37,34.33,-2.410000000000004,7928.3,4,9.0,Urgent
outdoor_cycle01,outdoor,2026-07-19 05:00:00,28.76,62.69,33.48,-2.490000000000002,8484.6,5,8.0,Urgent
outdoor_cycle01,outdoor,2026-07-19 06:00:00,29.73,68.8,32.66,-2.510000000000005,8299.5,6,7.0,Urgent
outdoor_cycle01,outdoor,2026-07-19 07:00:00,30.54,63.0,31.58,-2.75,9540.6,7,6.0,Urgent
outdoor_cycle01,outdoor,2026-07-19 08:00:00,30.79,64.22,30.49,-2.9899999999999984,11360.6,8,5.0,Urgent
outdoor_cycle01,outdoor,2026-07-19 09:00:00,32.71,59.05,29.59,-3.0699999999999967,13125.8,9,4.0,Urgent
outdoor_cycle01,outdoor,2026-07-19 10:00:00,33.85,55.14,27.93,-3.649999999999999,14100.1,10,3.0,Urgent
outdoor_cycle01,outdoor,2026-07-19 11:00:00,33.23,56.06,26.79,-3.6999999999999993,14915.7,11,2.0,Urgent
outdoor_cycle01,outdoor,2026-07-19 12:00:00,34.21,58.72,25.36,-4.23,15190.4,12,1.0,Urgent
outdoor_cycle01,outdoor,2026-07-19 13:00:00,34.08,57.15,23.71,-4.219999999999999,14963.3,13,0.0,Urgent
outdoor_cycle02,outdoor,2026-07-19 19:00:00,29.31,64.35,86.1,-2.910000000000011,8221.6,19,61.0,Not_Urgent
outdoor_cycle02,outdoor,2026-07-19 20:00:00,28.44,67.71,84.91,-3.1500000000000057,7839.2,20,60.0,Not_Urgent
outdoor_cycle02,outdoor,2026-07-19 21:00:00,29.22,69.6,84.06,-3.1799999999999926,7933.0,21,59.0,Not_Urgent
outdoor_cycle02,outdoor,2026-07-19 22:00:00,28.99,64.24,83.6,-2.5,8240.0,22,58.0,Not_Urgent
outdoor_cycle02,outdoor,2026-07-19 23:00:00,28.37,62.33,82.14,-2.769999999999996,8285.1,23,57.0,Not_Urgent
outdoor_cycle02,outdoor,2026-07-20 00:00:00,28.94,64.58,80.84,-3.219999999999999,8021.0,0,56.0,Not_Urgent
outdoor_cycle02,outdoor,2026-07-20 01:00:00,28.44,65.6,79.74,-3.86,8292.6,1,55.0,Not_Urgent
outdoor_cycle02,outdoor,2026-07-20 02:00:00,29.11,67.5,78.58,-3.5600000000000023,7189.0,2,54.0,Not_Urgent
outdoor_cycle02,outdoor,2026-07-20 03:00:00,28.61,60.42,77.22,-3.620000000000005,8153.4,3,53.0,Not_Urgent
outdoor_cycle02,outdoor,2026-07-20 04:00:00,28.92,67.38,75.88,-3.86,8483.7,4,52.0,Not_Urgent
outdoor_cycle02,outdoor,2026-07-20 05:00:00,29.98,66.86,75.41,-3.1700000000000017,8022.6,5,51.0,Not_Urgent
outdoor_cycle02,outdoor,2026-07-20 06:00:00,28.85,62.89,74.51,-2.7099999999999937,8651.3,6,50.0,Not_Urgent
outdoor_cycle02,outdoor,2026-07-20 07:00:00,30.37,64.44,73.01,-2.8699999999999903,9824.8,7,49.0,Not_Urgent
outdoor_cycle02,outdoor,2026-07-20 08:00:00,31.13,61.74,72.39,-3.019999999999996,11277.3,8,48.0,Not_Urgent
outdoor_cycle02,outdoor,2026-07-20 09:00:00,32.17,59.6,71.55,-2.960000000000008,12821.0,9,47.0,Soon
outdoor_cycle02,outdoor,2026-07-20 10:00:00,32.49,58.3,70.24,-2.7700000000000102,13610.8,10,46.0,Soon
outdoor_cycle02,outdoor,2026-07-20 11:00:00,33.88,54.11,69.38,-3.010000000000005,14668.7,11,45.0,Soon
outdoor_cycle02,outdoor,2026-07-20 12:00:00,34.19,60.85,68.26,-3.289999999999992,14437.4,12,44.0,Soon
outdoor_cycle02,outdoor,2026-07-20 13:00:00,33.73,59.43,67.39,-2.8499999999999943,14825.4,13,43.0,Soon
outdoor_cycle02,outdoor,2026-07-20 14:00:00,33.14,56.51,66.31,-3.069999999999993,14385.0,14,42.0,Soon
outdoor_cycle02,outdoor,2026-07-20 15:00:00,33.68,59.55,65.72,-2.5400000000000063,12737.2,15,41.0,Soon
outdoor_cycle02,outdoor,2026-07-20 16:00:00,30.42,57.29,64.54,-2.8499999999999943,11580.1,16,40.0,Soon
outdoor_cycle02,outdoor,2026-07-20 17:00:00,29.35,65.3,63.51,-2.8000000000000043,9666.8,17,39.0,Soon
outdoor_cycle02,outdoor,2026-07-20 18:00:00,29.97,67.24,62.83,-2.890000000000001,7919.4,18,38.0,Soon
outdoor_cycle02,outdoor,2026-07-20 19:00:00,27.71,63.2,62.18,-2.3600000000000065,7936.7,19,37.0,Soon
outdoor_cycle02,outdoor,2026-07-20 20:00:00,28.92,65.19,61.42,-2.0899999999999963,7932.5,20,36.0,Soon
outdoor_cycle02,outdoor,2026-07-20 21:00:00,29.1,66.1,60.05,-2.780000000000001,7672.9,21,35.0,Soon
outdoor_cycle02,outdoor,2026-07-20 22:00:00,28.94,65.05,59.03,-3.1499999999999986,8212.5,22,34.0,Soon
outdoor_cycle02,outdoor,2026-07-20 23:00:00,29.57,65.72,57.97,-3.450000000000003,7816.3,23,33.0,Soon
outdoor_cycle02,outdoor,2026-07-21 00:00:00,28.31,65.27,57.08,-2.969999999999999,7990.0,0,32.0,Soon
outdoor_cycle02,outdoor,2026-07-21 01:00:00,28.92,60.3,56.1,-2.93,7835.4,1,31.0,Soon
outdoor_cycle02,outdoor,2026-07-21 02:00:00,29.1,62.43,55.41,-2.5600000000000023,8379.7,2,30.0,Soon
outdoor_cycle02,outdoor,2026-07-21 03:00:00,29.58,66.07,53.93,-3.1499999999999986,7806.1,3,29.0,Soon
outdoor_cycle02,outdoor,2026-07-21 04:00:00,28.28,67.3,53.18,-2.9200000000000017,8300.2,4,28.0,Soon
outdoor_cycle02,outdoor,2026-07-21 05:00:00,29.84,64.37,52.15,-3.259999999999998,8086.6,5,27.0,Soon
outdoor_cycle02,outdoor,2026-07-21 06:00:00,28.92,67.03,51.73,-2.200000000000003,8238.0,6,26.0,Soon
outdoor_cycle02,outdoor,2026-07-21 07:00:00,31.08,58.9,50.4,-2.780000000000001,10121.5,7,25.0,Soon
outdoor_cycle02,outdoor,2026-07-21 08:00:00,30.85,60.22,49.45,-2.699999999999996,11168.3,8,24.0,Soon
outdoor_cycle02,outdoor,2026-07-21 09:00:00,32.35,61.65,47.98,-3.75,13342.8,9,23.0,Urgent
outdoor_cycle02,outdoor,2026-07-21 10:00:00,32.99,57.98,47.15,-3.25,13557.1,10,22.0,Urgent
outdoor_cycle02,outdoor,2026-07-21 11:00:00,34.41,61.79,46.24,-3.210000000000001,14391.2,11,21.0,Urgent
outdoor_cycle02,outdoor,2026-07-21 12:00:00,33.98,58.2,45.02,-2.9599999999999937,14757.1,12,20.0,Urgent
outdoor_cycle02,outdoor,2026-07-21 13:00:00,33.55,57.72,43.93,-3.219999999999999,14925.4,13,19.0,Urgent
outdoor_cycle02,outdoor,2026-07-21 14:00:00,33.07,58.23,42.96,-3.280000000000001,14035.7,14,18.0,Urgent
outdoor_cycle02,outdoor,2026-07-21 15:00:00,32.38,63.69,42.0,-3.020000000000003,13118.0,15,17.0,Urgent
outdoor_cycle02,outdoor,2026-07-21 16:00:00,31.92,60.42,40.87,-3.0600000000000023,11851.9,16,16.0,Urgent
outdoor_cycle02,outdoor,2026-07-21 17:00:00,30.23,64.18,40.22,-2.740000000000002,9340.5,17,15.0,Urgent
outdoor_cycle02,outdoor,2026-07-21 18:00:00,28.28,65.36,38.6,-3.3999999999999986,8519.8,18,14.0,Urgent
outdoor_cycle02,outdoor,2026-07-21 19:00:00,29.38,66.25,37.81,-3.059999999999995,7459.7,19,13.0,Urgent
outdoor_cycle02,outdoor,2026-07-21 20:00:00,28.53,63.45,37.01,-3.210000000000001,7949.6,20,12.0,Urgent
outdoor_cycle02,outdoor,2026-07-21 21:00:00,27.81,66.87,35.98,-2.6200000000000045,7678.2,21,11.0,Urgent
outdoor_cycle02,outdoor,2026-07-21 22:00:00,30.24,62.7,35.12,-2.690000000000005,7240.9,22,10.0,Urgent
outdoor_cycle02,outdoor,2026-07-21 23:00:00,29.66,69.9,34.02,-2.989999999999995,7631.1,23,9.0,Urgent
outdoor_cycle02,outdoor,2026-07-22 00:00:00,28.72,64.74,33.52,-2.4599999999999937,8793.3,0,8.0,Urgent
outdoor_cycle02,outdoor,2026-07-22 01:00:00,29.15,66.17,32.54,-2.5799999999999983,8325.7,1,7.0,Urgent
outdoor_cycle02,outdoor,2026-07-22 02:00:00,29.18,64.02,31.7,-2.320000000000004,8080.7,2,6.0,Urgent
outdoor_cycle02,outdoor,2026-07-22 03:00:00,29.37,64.08,30.75,-2.770000000000003,8113.1,3,5.0,Urgent
outdoor_cycle02,outdoor,2026-07-22 04:00:00,29.68,64.87,29.43,-3.1099999999999994,7468.1,4,4.0,Urgent
outdoor_cycle02,outdoor,2026-07-22 05:00:00,28.46,63.37,28.06,-3.640000000000001,7821.3,5,3.0,Urgent
outdoor_cycle02,outdoor,2026-07-22 06:00:00,27.72,72.84,27.05,-3.6999999999999993,8316.8,6,2.0,Urgent
outdoor_cycle02,outdoor,2026-07-22 07:00:00,30.26,63.77,25.87,-3.5599999999999987,9968.1,7,1.0,Urgent
outdoor_cycle02,outdoor,2026-07-22 08:00:00,31.83,61.47,24.89,-3.169999999999998,11440.8,8,0.0,Urgent
outdoor_cycle03,outdoor,2026-07-22 14:00:00,32.75,55.06,86.28,-3.510000000000005,13874.2,14,63.0,Not_Urgent
outdoor_cycle03,outdoor,2026-07-22 15:00:00,33.11,60.98,85.07,-3.75,13167.3,15,62.0,Not_Urgent
outdoor_cycle03,outdoor,2026-07-22 16:00:00,31.12,62.33,83.82,-3.7900000000000063,11740.1,16,61.0,Not_Urgent
outdoor_cycle03,outdoor,2026-07-22 17:00:00,31.01,64.83,82.52,-3.760000000000005,9917.2,17,60.0,Not_Urgent
outdoor_cycle03,outdoor,2026-07-22 18:00:00,28.98,62.8,81.79,-3.279999999999987,7951.1,18,59.0,Not_Urgent
outdoor_cycle03,outdoor,2026-07-22 19:00:00,28.59,64.64,80.93,-2.8899999999999864,7762.3,19,58.0,Not_Urgent
outdoor_cycle03,outdoor,2026-07-22 20:00:00,27.86,65.53,80.23,-2.289999999999992,8000.4,20,57.0,Not_Urgent
outdoor_cycle03,outdoor,2026-07-22 21:00:00,29.4,67.34,79.51,-2.280000000000001,7517.7,21,56.0,Not_Urgent
outdoor_cycle03,outdoor,2026-07-22 22:00:00,28.54,62.65,78.61,-2.3200000000000074,8248.8,22,55.0,Not_Urgent
outdoor_cycle03,outdoor,2026-07-22 23:00:00,28.84,59.99,78.04,-2.1899999999999977,8190.6,23,54.0,Not_Urgent
outdoor_cycle03,outdoor,2026-07-23 00:00:00,29.04,65.69,77.48,-2.030000000000001,8408.2,0,53.0,Not_Urgent
outdoor_cycle03,outdoor,2026-07-23 01:00:00,27.19,65.46,76.16,-2.450000000000003,8540.2,1,52.0,Not_Urgent
outdoor_cycle03,outdoor,2026-07-23 02:00:00,29.13,63.77,75.5,-2.5400000000000063,8242.1,2,51.0,Not_Urgent
outdoor_cycle03,outdoor,2026-07-23 03:00:00,29.29,66.26,73.72,-3.760000000000005,8318.1,3,50.0,Not_Urgent
outdoor_cycle03,outdoor,2026-07-23 04:00:00,29.24,63.73,73.3,-2.8599999999999994,7992.3,4,49.0,Not_Urgent
outdoor_cycle03,outdoor,2026-07-23 05:00:00,28.58,63.98,72.31,-3.1899999999999977,7842.8,5,48.0,Not_Urgent
outdoor_cycle03,outdoor,2026-07-23 06:00:00,28.51,67.8,71.36,-2.3599999999999994,8000.1,6,47.0,Soon
outdoor_cycle03,outdoor,2026-07-23 07:00:00,30.1,63.45,70.63,-2.6700000000000017,10059.3,7,46.0,Soon
outdoor_cycle03,outdoor,2026-07-23 08:00:00,31.11,60.49,69.86,-2.450000000000003,11096.2,8,45.0,Soon
outdoor_cycle03,outdoor,2026-07-23 09:00:00,32.25,61.88,68.75,-2.6099999999999994,13028.5,9,44.0,Soon
outdoor_cycle03,outdoor,2026-07-23 10:00:00,33.84,58.16,67.7,-2.9299999999999926,14179.3,10,43.0,Soon
outdoor_cycle03,outdoor,2026-07-23 11:00:00,33.99,56.3,66.66,-3.200000000000003,14029.8,11,42.0,Soon
outdoor_cycle03,outdoor,2026-07-23 12:00:00,34.85,59.82,65.19,-3.5600000000000023,15289.6,12,41.0,Soon
outdoor_cycle03,outdoor,2026-07-23 13:00:00,33.88,58.25,64.2,-3.5,14576.2,13,40.0,Soon
outdoor_cycle03,outdoor,2026-07-23 14:00:00,33.7,61.51,63.26,-3.3999999999999986,14020.3,14,39.0,Soon
outdoor_cycle03,outdoor,2026-07-23 15:00:00,32.54,61.2,62.9,-2.289999999999999,12516.6,15,38.0,Soon
outdoor_cycle03,outdoor,2026-07-23 16:00:00,31.17,58.2,61.92,-2.280000000000001,11347.6,16,37.0,Soon
outdoor_cycle03,outdoor,2026-07-23 17:00:00,30.02,66.69,60.85,-2.4099999999999966,9909.8,17,36.0,Soon
outdoor_cycle03,outdoor,2026-07-23 18:00:00,29.37,62.15,59.92,-2.979999999999997,8311.7,18,35.0,Soon
outdoor_cycle03,outdoor,2026-07-23 19:00:00,29.4,62.32,58.72,-3.200000000000003,7533.9,19,34.0,Soon
outdoor_cycle03,outdoor,2026-07-23 20:00:00,29.23,62.74,57.44,-3.410000000000004,7739.1,20,33.0,Soon
outdoor_cycle03,outdoor,2026-07-23 21:00:00,28.29,69.11,56.3,-3.620000000000005,7729.8,21,32.0,Soon
outdoor_cycle03,outdoor,2026-07-23 22:00:00,28.8,66.51,55.39,-3.3299999999999983,7836.8,22,31.0,Soon
outdoor_cycle03,outdoor,2026-07-23 23:00:00,29.02,62.49,54.6,-2.8399999999999963,8222.2,23,30.0,Soon
outdoor_cycle03,outdoor,2026-07-24 00:00:00,28.86,62.51,53.71,-2.5899999999999963,7231.3,0,29.0,Soon
outdoor_cycle03,outdoor,2026-07-24 01:00:00,30.45,66.96,52.83,-2.5600000000000023,7994.2,1,28.0,Soon
outdoor_cycle03,outdoor,2026-07-24 02:00:00,29.01,66.37,51.55,-3.0500000000000043,7645.8,2,27.0,Soon
outdoor_cycle03,outdoor,2026-07-24 03:00:00,29.43,66.8,50.59,-3.119999999999997,8131.5,3,26.0,Soon
outdoor_cycle03,outdoor,2026-07-24 04:00:00,29.4,66.48,49.82,-3.009999999999998,7893.8,4,25.0,Soon
outdoor_cycle03,outdoor,2026-07-24 05:00:00,29.06,68.87,49.31,-2.239999999999995,7628.3,5,24.0,Soon
outdoor_cycle03,outdoor,2026-07-24 06:00:00,29.1,65.13,48.28,-2.3100000000000023,8052.0,6,23.0,Urgent
outdoor_cycle03,outdoor,2026-07-24 07:00:00,30.16,66.78,47.54,-2.280000000000001,9331.5,7,22.0,Urgent
outdoor_cycle03,outdoor,2026-07-24 08:00:00,31.44,57.14,46.03,-3.280000000000001,11447.2,8,21.0,Urgent
outdoor_cycle03,outdoor,2026-07-24 09:00:00,32.55,60.27,45.16,-3.1200000000000045,12571.7,9,20.0,Urgent
outdoor_cycle03,outdoor,2026-07-24 10:00:00,33.11,57.71,43.92,-3.619999999999997,14446.7,10,19.0,Urgent
outdoor_cycle03,outdoor,2026-07-24 11:00:00,33.16,58.37,42.49,-3.539999999999999,14910.9,11,18.0,Urgent
outdoor_cycle03,outdoor,2026-07-24 12:00:00,34.95,54.96,41.77,-3.389999999999993,14756.7,12,17.0,Urgent
outdoor_cycle03,outdoor,2026-07-24 13:00:00,33.69,58.92,40.71,-3.210000000000001,15057.7,13,16.0,Urgent
outdoor_cycle03,outdoor,2026-07-24 14:00:00,33.14,58.88,39.01,-3.480000000000004,13811.6,14,15.0,Urgent
outdoor_cycle03,outdoor,2026-07-24 15:00:00,31.57,60.16,37.96,-3.8100000000000014,13556.8,15,14.0,Urgent
outdoor_cycle03,outdoor,2026-07-24 16:00:00,31.39,60.36,36.52,-4.189999999999998,11445.9,16,13.0,Urgent
outdoor_cycle03,outdoor,2026-07-24 17:00:00,28.97,66.89,35.62,-3.390000000000001,9384.5,17,12.0,Urgent
outdoor_cycle03,outdoor,2026-07-24 18:00:00,28.74,66.47,34.53,-3.43,7520.6,18,11.0,Urgent
outdoor_cycle03,outdoor,2026-07-24 19:00:00,30.21,61.59,33.78,-2.740000000000002,8056.9,19,10.0,Urgent
outdoor_cycle03,outdoor,2026-07-24 20:00:00,29.26,65.05,32.68,-2.9399999999999977,7807.6,20,9.0,Urgent
outdoor_cycle03,outdoor,2026-07-24 21:00:00,30.08,64.52,32.12,-2.410000000000004,8215.9,21,8.0,Urgent
outdoor_cycle03,outdoor,2026-07-24 22:00:00,28.43,66.18,31.06,-2.7200000000000024,8445.2,22,7.0,Urgent
outdoor_cycle03,outdoor,2026-07-24 23:00:00,28.81,65.0,29.93,-2.75,7624.9,23,6.0,Urgent
outdoor_cycle03,outdoor,2026-07-25 00:00:00,29.53,63.87,28.9,-3.219999999999999,7859.0,0,5.0,Urgent
outdoor_cycle03,outdoor,2026-07-25 01:00:00,28.74,64.83,28.02,-3.039999999999999,8629.9,1,4.0,Urgent
outdoor_cycle03,outdoor,2026-07-25 02:00:00,28.78,63.38,27.13,-2.8000000000000007,8223.3,2,3.0,Urgent
outdoor_cycle03,outdoor,2026-07-25 03:00:00,28.61,68.3,26.36,-2.539999999999999,8425.9,3,2.0,Urgent
outdoor_cycle03,outdoor,2026-07-25 04:00:00,27.88,67.52,25.17,-2.849999999999998,7794.6,4,1.0,Urgent
outdoor_cycle03,outdoor,2026-07-25 05:00:00,27.82,67.23,24.0,-3.129999999999999,7636.6,5,0.0,Urgent
outdoor_cycle04,outdoor,2026-07-25 11:00:00,33.72,60.06,85.98,-2.789999999999992,14723.2,11,62.0,Not_Urgent
outdoor_cycle04,outdoor,2026-07-25 12:00:00,33.13,57.47,84.77,-3.4200000000000017,14624.3,12,61.0,Not_Urgent
outdoor_cycle04,outdoor,2026-07-25 13:00:00,34.36,56.7,83.63,-3.890000000000001,13980.2,13,60.0,Not_Urgent
outdoor_cycle04,outdoor,2026-07-25 14:00:00,33.59,59.52,82.88,-3.1000000000000085,14432.9,14,59.0,Not_Urgent
outdoor_cycle04,outdoor,2026-07-25 15:00:00,32.94,62.68,81.73,-3.039999999999992,12416.2,15,58.0,Not_Urgent
outdoor_cycle04,outdoor,2026-07-25 16:00:00,31.2,61.05,80.85,-2.780000000000001,11604.3,16,57.0,Not_Urgent
outdoor_cycle04,outdoor,2026-07-25 17:00:00,29.89,63.14,80.19,-2.6899999999999977,9485.6,17,56.0,Not_Urgent
outdoor_cycle04,outdoor,2026-07-25 18:00:00,29.41,62.13,79.1,-2.6300000000000097,8199.9,18,55.0,Not_Urgent
outdoor_cycle04,outdoor,2026-07-25 19:00:00,27.96,63.31,78.45,-2.3999999999999915,8358.2,19,54.0,Not_Urgent
outdoor_cycle04,outdoor,2026-07-25 20:00:00,28.72,66.16,77.57,-2.6200000000000045,8235.0,20,53.0,Not_Urgent
outdoor_cycle04,outdoor,2026-07-25 21:00:00,28.64,68.56,76.33,-2.769999999999996,8521.7,21,52.0,Not_Urgent
outdoor_cycle04,outdoor,2026-07-25 22:00:00,29.05,62.98,75.22,-3.230000000000004,7750.9,22,51.0,Not_Urgent
outdoor_cycle04,outdoor,2026-07-25 23:00:00,29.25,68.5,74.72,-2.8499999999999943,8195.1,23,50.0,Not_Urgent
outdoor_cycle04,outdoor,2026-07-26 00:00:00,29.63,62.5,73.7,-2.6299999999999955,7884.8,0,49.0,Not_Urgent
outdoor_cycle04,outdoor,2026-07-26 01:00:00,30.2,72.77,72.8,-2.4200000000000017,8182.0,1,48.0,Not_Urgent
outdoor_cycle04,outdoor,2026-07-26 02:00:00,29.32,67.22,71.32,-3.4000000000000057,7903.8,2,47.0,Soon
outdoor_cycle04,outdoor,2026-07-26 03:00:00,29.14,66.24,70.24,-3.460000000000008,8199.8,3,46.0,Soon
outdoor_cycle04,outdoor,2026-07-26 04:00:00,29.5,63.46,69.62,-3.1799999999999926,7832.5,4,45.0,Soon
outdoor_cycle04,outdoor,2026-07-26 05:00:00,29.26,66.95,68.17,-3.1499999999999915,8137.3,5,44.0,Soon
outdoor_cycle04,outdoor,2026-07-26 06:00:00,29.0,66.67,67.33,-2.9099999999999966,7672.5,6,43.0,Soon
outdoor_cycle04,outdoor,2026-07-26 07:00:00,30.71,65.18,66.37,-3.25,9723.5,7,42.0,Soon
outdoor_cycle04,outdoor,2026-07-26 08:00:00,30.59,60.36,65.17,-3.0,11767.1,8,41.0,Soon
outdoor_cycle04,outdoor,2026-07-26 09:00:00,32.84,59.82,64.32,-3.010000000000005,12951.9,9,40.0,Soon
outdoor_cycle04,outdoor,2026-07-26 10:00:00,33.75,59.56,63.4,-2.970000000000006,14209.8,10,39.0,Soon
outdoor_cycle04,outdoor,2026-07-26 11:00:00,32.54,60.5,62.58,-2.5900000000000034,14617.8,11,38.0,Soon
outdoor_cycle04,outdoor,2026-07-26 12:00:00,34.42,56.52,61.3,-3.019999999999996,15318.0,12,37.0,Soon
outdoor_cycle04,outdoor,2026-07-26 13:00:00,34.24,54.34,60.13,-3.269999999999996,15125.1,13,36.0,Soon
outdoor_cycle04,outdoor,2026-07-26 14:00:00,33.11,58.86,58.94,-3.640000000000001,13529.3,14,35.0,Soon
outdoor_cycle04,outdoor,2026-07-26 15:00:00,31.92,56.32,57.55,-3.75,12493.0,15,34.0,Soon
outdoor_cycle04,outdoor,2026-07-26 16:00:00,31.12,65.08,57.04,-3.0900000000000034,11339.3,16,33.0,Soon
outdoor_cycle04,outdoor,2026-07-26 17:00:00,29.62,66.15,56.22,-2.719999999999999,9765.0,17,32.0,Soon
outdoor_cycle04,outdoor,2026-07-26 18:00:00,29.1,66.25,54.84,-2.7099999999999937,8335.2,18,31.0,Soon
outdoor_cycle04,outdoor,2026-07-26 19:00:00,28.78,61.68,53.81,-3.229999999999997,7876.0,19,30.0,Soon
outdoor_cycle04,outdoor,2026-07-26 20:00:00,28.42,62.61,52.87,-3.3500000000000014,8103.1,20,29.0,Soon
outdoor_cycle04,outdoor,2026-07-26 21:00:00,29.02,63.1,52.2,-2.640000000000001,7930.9,21,28.0,Soon
outdoor_cycle04,outdoor,2026-07-26 22:00:00,29.53,67.59,51.53,-2.280000000000001,7446.1,22,27.0,Soon
outdoor_cycle04,outdoor,2026-07-26 23:00:00,28.1,63.37,51.01,-1.8599999999999997,7975.0,23,26.0,Soon
outdoor_cycle04,outdoor,2026-07-27 00:00:00,28.45,62.49,50.04,-2.160000000000004,8062.2,0,25.0,Soon
outdoor_cycle04,outdoor,2026-07-27 01:00:00,28.57,65.44,49.17,-2.3599999999999994,7836.0,1,24.0,Soon
outdoor_cycle04,outdoor,2026-07-27 02:00:00,30.0,68.35,47.98,-3.030000000000001,7610.1,2,23.0,Urgent
outdoor_cycle04,outdoor,2026-07-27 03:00:00,29.49,62.13,46.56,-3.479999999999997,8245.6,3,22.0,Urgent
outdoor_cycle04,outdoor,2026-07-27 04:00:00,28.33,62.71,45.53,-3.640000000000001,8305.3,4,21.0,Urgent
outdoor_cycle04,outdoor,2026-07-27 05:00:00,29.33,65.85,44.98,-3.0,8117.2,5,20.0,Urgent
outdoor_cycle04,outdoor,2026-07-27 06:00:00,29.63,67.92,44.04,-2.520000000000003,7931.2,6,19.0,Urgent
outdoor_cycle04,outdoor,2026-07-27 07:00:00,29.38,64.34,43.08,-2.450000000000003,9983.4,7,18.0,Urgent
outdoor_cycle04,outdoor,2026-07-27 08:00:00,32.17,60.41,42.36,-2.619999999999997,11669.4,8,17.0,Urgent
outdoor_cycle04,outdoor,2026-07-27 09:00:00,32.52,59.26,41.42,-2.619999999999997,13017.3,9,16.0,Urgent
outdoor_cycle04,outdoor,2026-07-27 10:00:00,33.25,60.57,40.83,-2.25,13931.1,10,15.0,Urgent
outdoor_cycle04,outdoor,2026-07-27 11:00:00,34.88,61.21,39.53,-2.8299999999999983,14373.8,11,14.0,Urgent
outdoor_cycle04,outdoor,2026-07-27 12:00:00,33.7,58.16,38.51,-2.910000000000004,15088.3,12,13.0,Urgent
outdoor_cycle04,outdoor,2026-07-27 13:00:00,33.36,56.03,37.67,-3.1599999999999966,14486.6,13,12.0,Urgent
outdoor_cycle04,outdoor,2026-07-27 14:00:00,33.29,56.72,36.15,-3.3800000000000026,14266.8,14,11.0,Urgent
outdoor_cycle04,outdoor,2026-07-27 15:00:00,32.19,60.3,34.96,-3.549999999999997,13099.7,15,10.0,Urgent
outdoor_cycle04,outdoor,2026-07-27 16:00:00,31.55,63.11,34.31,-3.3599999999999994,11644.7,16,9.0,Urgent
outdoor_cycle04,outdoor,2026-07-27 17:00:00,30.82,65.28,33.31,-2.8399999999999963,9582.7,17,8.0,Urgent
outdoor_cycle04,outdoor,2026-07-27 18:00:00,29.41,64.48,31.65,-3.3100000000000023,8321.9,18,7.0,Urgent
outdoor_cycle04,outdoor,2026-07-27 19:00:00,28.53,61.55,30.49,-3.820000000000004,8091.1,19,6.0,Urgent
outdoor_cycle04,outdoor,2026-07-27 20:00:00,28.86,68.63,29.33,-3.980000000000004,7598.4,20,5.0,Urgent
outdoor_cycle04,outdoor,2026-07-27 21:00:00,28.64,69.3,28.61,-3.039999999999999,8597.8,21,4.0,Urgent
outdoor_cycle04,outdoor,2026-07-27 22:00:00,28.67,67.15,27.67,-2.8199999999999967,7883.9,22,3.0,Urgent
outdoor_cycle04,outdoor,2026-07-27 23:00:00,29.02,60.2,26.93,-2.3999999999999986,7995.8,23,2.0,Urgent
outdoor_cycle04,outdoor,2026-07-28 00:00:00,28.7,68.61,25.74,-2.870000000000001,7623.0,0,1.0,Urgent
outdoor_cycle04,outdoor,2026-07-28 01:00:00,28.83,64.3,24.68,-2.990000000000002,8237.1,1,0.0,Urgent
outdoor_cycle05,outdoor,2026-07-28 07:00:00,30.62,62.42,85.71,-3.5200000000000102,9774.1,7,61.0,Not_Urgent
outdoor_cycle05,outdoor,2026-07-28 08:00:00,31.55,55.7,84.95,-2.9599999999999937,11431.1,8,60.0,Not_Urgent
outdoor_cycle05,outdoor,2026-07-28 09:00:00,32.64,67.16,83.99,-2.8100000000000023,13060.0,9,59.0,Not_Urgent
outdoor_cycle05,outdoor,2026-07-28 10:00:00,33.88,59.71,82.73,-2.9799999999999898,14188.2,10,58.0,Not_Urgent
outdoor_cycle05,outdoor,2026-07-28 11:00:00,35.06,54.93,81.92,-3.030000000000001,14903.6,11,57.0,Not_Urgent
outdoor_cycle05,outdoor,2026-07-28 12:00:00,34.33,55.2,80.92,-3.069999999999993,14874.8,12,56.0,Not_Urgent
outdoor_cycle05,outdoor,2026-07-28 13:00:00,34.42,60.05,79.82,-2.910000000000011,14387.8,13,55.0,Not_Urgent
outdoor_cycle05,outdoor,2026-07-28 14:00:00,32.9,55.36,78.83,-3.0900000000000034,13997.1,14,54.0,Not_Urgent
outdoor_cycle05,outdoor,2026-07-28 15:00:00,33.99,60.78,77.95,-2.969999999999999,12536.5,15,53.0,Not_Urgent
outdoor_cycle05,outdoor,2026-07-28 16:00:00,32.11,66.47,77.5,-2.319999999999993,11024.2,16,52.0,Not_Urgent
outdoor_cycle05,outdoor,2026-07-28 17:00:00,31.42,64.03,76.35,-2.480000000000004,9551.2,17,51.0,Not_Urgent
outdoor_cycle05,outdoor,2026-07-28 18:00:00,27.42,65.01,75.12,-2.8299999999999983,8098.3,18,50.0,Not_Urgent
outdoor_cycle05,outdoor,2026-07-28 19:00:00,28.39,65.21,74.09,-3.4099999999999966,7722.4,19,49.0,Not_Urgent
outdoor_cycle05,outdoor,2026-07-28 20:00:00,28.46,63.98,72.95,-3.3999999999999915,7701.3,20,48.0,Not_Urgent
outdoor_cycle05,outdoor,2026-07-28 21:00:00,29.52,64.41,72.43,-2.6899999999999977,8011.5,21,47.0,Soon
outdoor_cycle05,outdoor,2026-07-28 22:00:00,28.82,64.87,71.82,-2.2700000000000102,8786.2,22,46.0,Soon
outdoor_cycle05,outdoor,2026-07-28 23:00:00,29.88,67.49,70.34,-2.6099999999999994,8084.2,23,45.0,Soon
outdoor_cycle05,outdoor,2026-07-29 00:00:00,29.22,65.97,69.02,-3.410000000000011,7984.1,0,44.0,Soon
outdoor_cycle05,outdoor,2026-07-29 01:00:00,29.66,63.44,68.13,-3.6899999999999977,7604.2,1,43.0,Soon
outdoor_cycle05,outdoor,2026-07-29 02:00:00,28.52,64.84,67.32,-3.0200000000000102,8371.2,2,42.0,Soon
outdoor_cycle05,outdoor,2026-07-29 03:00:00,28.97,65.15,67.04,-1.9799999999999895,8254.5,3,41.0,Soon
outdoor_cycle05,outdoor,2026-07-29 04:00:00,28.64,65.53,66.24,-1.8900000000000008,8360.0,4,40.0,Soon
outdoor_cycle05,outdoor,2026-07-29 05:00:00,27.87,66.55,65.65,-1.6699999999999875,7809.4,5,39.0,Soon
outdoor_cycle05,outdoor,2026-07-29 06:00:00,28.63,64.54,65.36,-1.6800000000000068,7818.6,6,38.0,Soon
outdoor_cycle05,outdoor,2026-07-29 07:00:00,30.83,66.25,64.72,-1.519999999999996,10007.2,7,37.0,Soon
outdoor_cycle05,outdoor,2026-07-29 08:00:00,31.38,61.23,63.49,-2.160000000000004,11679.6,8,36.0,Soon
outdoor_cycle05,outdoor,2026-07-29 09:00:00,32.1,59.9,62.01,-3.3500000000000014,13086.9,9,35.0,Soon
outdoor_cycle05,outdoor,2026-07-29 10:00:00,33.75,60.48,60.51,-4.210000000000001,14087.3,10,34.0,Soon
outdoor_cycle05,outdoor,2026-07-29 11:00:00,34.08,55.6,59.21,-4.280000000000001,15182.5,11,33.0,Soon
outdoor_cycle05,outdoor,2026-07-29 12:00:00,33.73,56.3,57.98,-4.030000000000001,15089.0,12,32.0,Soon
outdoor_cycle05,outdoor,2026-07-29 13:00:00,33.95,58.53,56.57,-3.9399999999999977,15271.5,13,31.0,Soon
outdoor_cycle05,outdoor,2026-07-29 14:00:00,33.44,60.86,55.38,-3.8299999999999983,13752.4,14,30.0,Soon
outdoor_cycle05,outdoor,2026-07-29 15:00:00,33.62,59.15,54.52,-3.4599999999999937,12695.5,15,29.0,Soon
outdoor_cycle05,outdoor,2026-07-29 16:00:00,30.85,59.29,53.92,-2.6499999999999986,11388.8,16,28.0,Soon
outdoor_cycle05,outdoor,2026-07-29 17:00:00,30.3,65.31,52.48,-2.9000000000000057,9539.4,17,27.0,Soon
outdoor_cycle05,outdoor,2026-07-29 18:00:00,29.31,67.58,51.28,-3.240000000000002,7802.6,18,26.0,Soon
outdoor_cycle05,outdoor,2026-07-29 19:00:00,28.34,67.23,50.16,-3.760000000000005,8051.6,19,25.0,Soon
outdoor_cycle05,outdoor,2026-07-29 20:00:00,28.29,62.76,49.49,-2.989999999999995,8179.2,20,24.0,Soon
outdoor_cycle05,outdoor,2026-07-29 21:00:00,29.28,61.58,48.91,-2.3700000000000045,8254.5,21,23.0,Urgent
outdoor_cycle05,outdoor,2026-07-29 22:00:00,29.33,66.56,47.79,-2.369999999999997,7791.0,22,22.0,Urgent
outdoor_cycle05,outdoor,2026-07-29 23:00:00,29.16,63.65,47.43,-2.0600000000000023,7697.4,23,21.0,Urgent
outdoor_cycle05,outdoor,2026-07-30 00:00:00,29.21,61.09,46.56,-2.3499999999999943,8028.6,0,20.0,Urgent
outdoor_cycle05,outdoor,2026-07-30 01:00:00,29.41,64.24,45.39,-2.3999999999999986,7901.2,1,19.0,Urgent
outdoor_cycle05,outdoor,2026-07-30 02:00:00,29.2,65.79,44.9,-2.530000000000001,8140.8,2,18.0,Urgent
outdoor_cycle05,outdoor,2026-07-30 03:00:00,29.45,66.53,44.02,-2.539999999999999,7695.0,3,17.0,Urgent
outdoor_cycle05,outdoor,2026-07-30 04:00:00,28.98,64.66,42.64,-2.75,8100.2,4,16.0,Urgent
outdoor_cycle05,outdoor,2026-07-30 05:00:00,29.65,61.72,41.29,-3.61,8186.6,5,15.0,Urgent
outdoor_cycle05,outdoor,2026-07-30 06:00:00,29.23,67.73,40.04,-3.980000000000004,8603.7,6,14.0,Urgent
outdoor_cycle05,outdoor,2026-07-30 07:00:00,30.44,65.67,39.04,-3.6000000000000014,9855.2,7,13.0,Urgent
outdoor_cycle05,outdoor,2026-07-30 08:00:00,31.29,65.16,37.56,-3.729999999999997,11254.5,8,12.0,Urgent
outdoor_cycle05,outdoor,2026-07-30 09:00:00,32.84,56.2,37.14,-2.8999999999999986,13060.0,9,11.0,Urgent
outdoor_cycle05,outdoor,2026-07-30 10:00:00,33.71,60.72,36.03,-3.009999999999998,13884.5,10,10.0,Urgent
outdoor_cycle05,outdoor,2026-07-30 11:00:00,35.0,56.49,34.5,-3.0600000000000023,14443.8,11,9.0,Urgent
outdoor_cycle05,outdoor,2026-07-30 12:00:00,35.18,57.51,33.0,-4.140000000000001,15303.4,12,8.0,Urgent
outdoor_cycle05,outdoor,2026-07-30 13:00:00,33.38,56.54,31.41,-4.620000000000001,15130.7,13,7.0,Urgent
outdoor_cycle05,outdoor,2026-07-30 14:00:00,33.67,56.31,30.5,-4.0,14658.3,14,6.0,Urgent
outdoor_cycle05,outdoor,2026-07-30 15:00:00,32.33,60.55,29.19,-3.809999999999999,13416.0,15,5.0,Urgent
outdoor_cycle05,outdoor,2026-07-30 16:00:00,31.75,62.41,28.0,-3.41,11513.1,16,4.0,Urgent
outdoor_cycle05,outdoor,2026-07-30 17:00:00,28.78,62.32,27.36,-3.140000000000001,9884.1,17,3.0,Urgent
outdoor_cycle05,outdoor,2026-07-30 18:00:00,29.23,64.49,25.94,-3.25,8526.6,18,2.0,Urgent
outdoor_cycle05,outdoor,2026-07-30 19:00:00,28.72,64.62,25.12,-2.879999999999999,7977.8,19,1.0,Urgent
outdoor_cycle05,outdoor,2026-07-30 20:00:00,29.12,63.1,23.98,-3.379999999999999,7660.8,20,0.0,Urgent
